,tradeDate,tradeVol,closeIndex
0,2010-01-04,827.0,3243.76
1,2010-01-05,953.66,3282.179
2,2010-01-06,1699.36,3254.215
3,2010-01-07,800.0,3192.776
4,2010-01-08,750.0,3195.9970000000003
5,2010-01-11,1392.57,3212.75
6,2010-01-12,518.0,3273.966
7,2010-01-13,1607.64,3172.658
8,2010-01-14,481.0,3215.55
9,2010-01-15,240.0,3224.152
10,2010-01-18,183.0,3237.098
11,2010-01-19,1425.6,3246.8740000000003
12,2010-01-20,475.0,3151.85
13,2010-01-21,745.91,3158.863
14,2010-01-22,50.0,3128.5879999999997
15,2010-01-25,146.7,3094.4109999999996
16,2010-01-27,1419.5,2986.607
17,2010-01-28,1097.46,2994.143
18,2010-01-29,775.76,2989.292
19,2010-02-01,160.0,2941.36
20,2010-02-02,100.0,2934.7129999999997
21,2010-02-03,157.0,3003.835
22,2010-02-04,304.46,2995.308
23,2010-02-05,186.76,2939.402
24,2010-02-08,695.0,2935.1740000000004
25,2010-02-09,26.27,2948.842
26,2010-02-10,100.0,2982.5
27,2010-02-11,224.68,2985.4990000000003
28,2010-02-12,339.3,3018.133
29,2010-02-22,150.0,3003.3979999999997
30,2010-02-24,1510.0,3022.177
31,2010-02-25,2070.0,3060.618
32,2010-02-26,180.0,3051.9429999999998
33,2010-03-02,353.0,3073.1079999999997
34,2010-03-03,191.0,3097.005
35,2010-03-04,42.09,3023.373
36,2010-03-05,215.19,3031.065
37,2010-03-08,2585.0,3053.232
38,2010-03-09,150.0,3069.1409999999996
39,2010-03-10,300.0,3048.927
40,2010-03-11,659.0,3051.282
41,2010-03-15,183.67,2976.9390000000003
42,2010-03-16,116.5,2992.841
43,2010-03-17,1830.0,3050.4790000000003
44,2010-03-18,34.19,3046.0890000000004
45,2010-03-19,942.5799999999999,3067.75
46,2010-03-23,1100.0,3053.125
47,2010-03-24,197.67,3056.808
48,2010-03-25,57.0,3019.176
49,2010-03-26,818.0,3059.715
50,2010-03-29,1555.3,3123.798
51,2010-03-31,595.0,3109.105
52,2010-04-01,20.0,3147.4159999999997
53,2010-04-06,480.0,3158.6809999999996
54,2010-04-07,755.74,3148.222
55,2010-04-12,701.0,3129.263
56,2010-04-13,1167.23,3161.2509999999997
57,2010-04-15,955.0,3164.966
58,2010-04-19,585.0,2980.297
59,2010-04-20,1229.0,2979.533
60,2010-04-21,255.0,3033.278
61,2010-04-22,50.0,2999.4840000000004
62,2010-04-23,700.0,2983.5370000000003
63,2010-04-26,791.16,2969.5029999999997
64,2010-04-28,1300.0,2900.3309999999997
65,2010-04-29,337.29,2868.4320000000002
66,2010-04-30,3495.4399999999996,2870.611
67,2010-05-04,683.58,2835.277
68,2010-05-05,1859.0,2857.151
69,2010-05-07,900.0,2688.383
70,2010-05-10,82.0,2698.757
71,2010-05-11,36.75,2647.574
72,2010-05-12,386.0,2655.7140000000004
73,2010-05-13,204.75,2710.507
74,2010-05-14,104.08,2696.6290000000004
75,2010-05-19,200.0,2587.8070000000002
76,2010-05-25,1427.5,2622.63
77,2010-05-26,290.0,2625.7929999999997
78,2010-05-31,26.0,2592.147
79,2010-06-01,284.25,2568.283
80,2010-06-02,325.25,2571.423
81,2010-06-03,559.3,2552.656
82,2010-06-07,750.0,2511.729
83,2010-06-08,785.0,2513.947
84,2010-06-09,153.0,2583.87
85,2010-06-10,1297.0,2562.58
86,2010-06-11,842.8,2569.942
87,2010-06-17,188.52,2560.245
88,2010-06-21,254.0,2586.21
89,2010-06-22,396.64,2588.698
90,2010-06-23,900.53,2569.8720000000003
91,2010-06-24,1622.27,2566.745
92,2010-06-25,381.3,2552.817
93,2010-06-28,60.370000000000005,2535.278
94,2010-06-29,294.45,2427.053
95,2010-06-30,18.49,2398.37
96,2010-07-01,498.24,2373.792
97,2010-07-02,200.0,2382.901
98,2010-07-05,280.0,2363.947
99,2010-07-06,380.09999999999997,2409.424
100,2010-07-07,290.0,2421.117
101,2010-07-09,600.0,2470.923
102,2010-07-12,140.0,2490.718
103,2010-07-14,40.0,2470.44
104,2010-07-15,190.0,2424.304
105,2010-07-19,116.6,2475.4210000000003
106,2010-07-20,1205.01,2528.73
107,2010-07-21,2733.41,2535.394
108,2010-07-22,295.0,2562.406
109,2010-07-23,1220.0,2572.028
110,2010-07-26,762.0,2588.683
111,2010-07-27,35.88,2575.368
112,2010-07-28,1258.5,2633.663
113,2010-07-29,521.62,2648.116
114,2010-07-30,1903.04,2637.5029999999997
115,2010-08-02,100.0,2672.5159999999996
116,2010-08-03,1379.2,2627.002
117,2010-08-04,713.19,2638.522
118,2010-08-05,236.35,2620.757
119,2010-08-06,351.0,2658.3920000000003
120,2010-08-09,264.08,2672.533
121,2010-08-10,224.0,2595.274
122,2010-08-11,424.71,2607.4970000000003
123,2010-08-12,619.3199999999999,2575.475
124,2010-08-13,71.0,2606.7
125,2010-08-16,124.9,2661.708
126,2010-08-17,1270.0,2671.893
127,2010-08-18,443.0,2666.301
128,2010-08-20,1210.3600000000001,2642.3070000000002
129,2010-08-23,246.52,2639.366
130,2010-08-24,1420.0,2650.3070000000002
131,2010-08-25,1280.28,2596.58
132,2010-08-26,20.0,2603.481
133,2010-08-27,500.0,2610.742
134,2010-08-30,913.0,2652.664
135,2010-08-31,2335.9,2638.798
136,2010-09-01,1102.72,2622.882
137,2010-09-02,792.0,2655.776
138,2010-09-03,1506.7,2655.3940000000002
139,2010-09-07,100.0,2698.363
140,2010-09-08,1844.1,2695.2909999999997
141,2010-09-09,4684.24,2656.3520000000003
142,2010-09-10,550.0,2663.2090000000003
143,2010-09-13,1478.21,2688.32
144,2010-09-14,1064.0,2688.522
145,2010-09-15,4592.63,2652.5029999999997
146,2010-09-16,2585.0,2602.465
147,2010-09-17,841.08,2598.689
148,2010-09-20,344.54,2588.7129999999997
149,2010-09-21,900.0,2591.55
150,2010-09-27,2662.13,2627.967
151,2010-09-28,3912.8,2611.354
152,2010-09-29,1116.03,2610.678
153,2010-09-30,113.21,2655.658
154,2010-10-08,150.0,2738.744
155,2010-10-11,242.5,2806.942
156,2010-10-12,1200.0,2841.407
157,2010-10-13,864.25,2861.361
158,2010-10-14,420.46,2879.636
159,2010-10-15,170.85999999999999,2971.16
160,2010-10-18,366.0,2955.2270000000003
161,2010-10-19,815.0,3001.853
162,2010-10-20,1427.8000000000002,3003.9509999999996
163,2010-10-21,556.0,2983.533
164,2010-10-22,1847.6,2975.0429999999997
165,2010-10-25,4679.66,3051.4190000000003
166,2010-10-26,14.0,3041.5429999999997
167,2010-10-27,3014.0,2997.048
168,2010-10-28,1711.3099999999997,2992.579
169,2010-10-29,1516.89,2978.835
170,2010-11-01,1835.0,3054.0209999999997
171,2010-11-02,4399.89,3045.434
172,2010-11-03,3272.61,3030.988
173,2010-11-04,2413.69,3086.9390000000003
174,2010-11-05,3359.79,3129.4970000000003
175,2010-11-08,4849.34,3159.512
176,2010-11-09,792.8099999999998,3135.0
177,2010-11-10,5250.639999999999,3115.3559999999998
178,2010-11-11,3932.96,3147.744
179,2010-11-12,1936.39,2985.435
180,2010-11-15,4323.0,3014.413
181,2010-11-16,2441.66,2894.538
182,2010-11-17,2189.0,2838.857
183,2010-11-18,1029.69,2865.452
184,2010-11-19,576.51,2888.566
185,2010-11-22,2127.29,2884.3709999999996
186,2010-11-23,975.0,2828.282
187,2010-11-24,3935.0,2859.9359999999997
188,2010-11-25,6466.75,2898.261
189,2010-11-26,3795.0,2871.698
190,2010-11-29,418.53999999999996,2866.3559999999998
191,2010-11-30,1758.34,2820.1809999999996
192,2010-12-01,2162.05,2823.449
193,2010-12-02,2272.0,2843.607
194,2010-12-03,249.0,2842.4309999999996
195,2010-12-06,20.0,2857.178
196,2010-12-07,1468.5,2875.861
197,2010-12-08,795.0699999999999,2848.546
198,2010-12-09,2200.0,2810.949
199,2010-12-10,2076.7799999999997,2841.04
200,2010-12-13,3618.36,2922.954
201,2010-12-14,1715.5,2927.077
202,2010-12-15,3313.65,2911.414
203,2010-12-16,1183.95,2898.138
204,2010-12-17,575.22,2893.74
205,2010-12-20,2395.61,2852.9159999999997
206,2010-12-21,1789.0300000000002,2904.115
207,2010-12-22,1584.45,2877.9
208,2010-12-23,3987.29,2855.22
209,2010-12-24,817.0,2835.157
210,2010-12-27,1147.03,2781.402
211,2010-12-28,1166.77,2732.99
212,2010-12-29,2235.5299999999997,2751.527
213,2010-12-30,1976.25,2759.575
214,2010-12-31,2378.5,2808.077
215,2011-01-04,2258.95,2852.6479999999997
216,2011-01-05,5439.34,2838.593
217,2011-01-06,5922.250000000001,2824.197
218,2011-01-07,762.03,2838.801
219,2011-01-10,1870.1200000000001,2791.809
220,2011-01-11,661.96,2804.047
221,2011-01-12,911.4,2821.305
222,2011-01-13,1466.3999999999999,2827.7129999999997
223,2011-01-14,1042.99,2791.344
224,2011-01-17,150.0,2706.66
225,2011-01-18,739.2,2708.9790000000003
226,2011-01-19,351.43,2758.097
227,2011-01-20,151.75,2677.652
228,2011-01-21,768.3,2715.2940000000003
229,2011-01-24,656.0,2695.72
230,2011-01-25,878.9,2677.4320000000002
231,2011-01-26,466.0,2708.8140000000003
232,2011-01-27,682.15,2749.15
233,2011-01-28,501.2,2752.75
234,2011-01-31,1430.0,2790.6940000000004
235,2011-02-10,273.05,2818.163
236,2011-02-11,570.8,2827.328
237,2011-02-14,41.879999999999995,2899.134
238,2011-02-15,603.38,2899.237
239,2011-02-16,147.8,2923.8959999999997
240,2011-02-17,1166.9100000000003,2926.9640000000004
241,2011-02-18,60.0,2899.792
242,2011-02-21,215.0,2932.2459999999996
243,2011-02-22,234.0,2855.5159999999996
244,2011-02-23,1198.0,2862.634
245,2011-02-24,1776.3999999999999,2878.603
246,2011-02-25,710.0,2878.565
247,2011-02-28,720.0,2905.053
248,2011-03-01,1616.06,2918.92
249,2011-03-02,1637.9999999999998,2913.808
250,2011-03-03,1155.99,2902.978
251,2011-03-04,1070.0,2942.3059999999996
252,2011-03-07,2111.34,2996.211
253,2011-03-08,1029.0,2999.942
254,2011-03-09,1586.0,3002.1540000000005
255,2011-03-10,517.0,2957.143
256,2011-03-11,927.86,2933.796
257,2011-03-14,3911.1800000000003,2937.627
258,2011-03-15,1518.99,2896.256
259,2011-03-16,318.0,2930.804
260,2011-03-17,1007.28,2897.298
261,2011-03-18,880.0,2906.886
262,2011-03-21,201.99000000000004,2909.137
263,2011-03-22,1774.0,2919.1420000000003
264,2011-03-23,2631.92,2948.4770000000003
265,2011-03-24,1343.9,2946.7059999999997
266,2011-03-25,2193.23,2977.8140000000003
267,2011-03-28,909.0,2984.005
268,2011-03-29,2530.0,2958.077
269,2011-03-30,15735.57,2955.7709999999997
270,2011-03-31,2279.0,2928.111
271,2011-04-01,2652.25,2967.41
272,2011-04-06,534.0,3001.36
273,2011-04-07,339.83,3007.909
274,2011-04-08,380.0,3030.0209999999997
275,2011-04-11,1636.78,3022.7459999999996
276,2011-04-13,840.0,3050.3979999999997
277,2011-04-14,1340.0,3042.635
278,2011-04-15,744.0,3050.526
279,2011-04-18,240.34,3057.329
280,2011-04-19,94.97999999999999,2999.0409999999997
281,2011-04-20,317.09999999999997,3007.0370000000003
282,2011-04-21,881.0,3026.6679999999997
283,2011-04-22,100.0,3010.5170000000003
284,2011-04-25,823.4100000000001,2964.9509999999996
285,2011-04-26,263.5,2938.9809999999998
286,2011-04-27,686.6,2925.408
287,2011-04-28,1512.92,2887.0440000000003
288,2011-04-29,1919.2,2911.511
289,2011-05-04,110.0,2866.0170000000003
290,2011-05-05,147.0,2872.4040000000005
291,2011-05-06,175.65,2863.886
292,2011-05-09,219.41,2872.46
293,2011-05-10,361.0,2890.634
294,2011-05-11,1513.0,2883.42
295,2011-05-12,2501.96,2844.083
296,2011-05-13,1229.0,2871.031
297,2011-05-16,1540.26,2849.067
298,2011-05-17,545.51,2852.7729999999997
299,2011-05-18,1703.28,2872.7709999999997
300,2011-05-19,1626.210000000001,2859.574
301,2011-05-20,2573.0,2858.4590000000003
302,2011-05-23,4304.79,2774.5690000000004
303,2011-05-24,430.0,2767.0559999999996
304,2011-05-25,63.0,2741.741
305,2011-05-26,450.0,2736.527
306,2011-05-27,4294.159999999999,2709.947
307,2011-05-30,617.14,2706.361
308,2011-05-31,615.84,2743.472
309,2011-06-01,3034.35,2743.572
310,2011-06-02,445.99,2705.1809999999996
311,2011-06-03,592.0,2728.02
312,2011-06-07,1017.3199999999999,2744.3
313,2011-06-08,287.0,2750.288
314,2011-06-09,2057.78,2703.345
315,2011-06-10,2299.0,2705.143
316,2011-06-13,7979.4400000000005,2700.3790000000004
317,2011-06-14,748.72,2730.04
318,2011-06-15,1635.3400000000001,2705.4309999999996
319,2011-06-16,944.23,2664.283
320,2011-06-17,2767.0,2642.8179999999998
321,2011-06-20,1963.33,2621.2529999999997
322,2011-06-21,1149.0,2646.4829999999997
323,2011-06-22,1374.7,2649.321
324,2011-06-23,380.0,2688.2490000000003
325,2011-06-24,1313.63,2746.211
326,2011-06-27,3575.83,2758.23
327,2011-06-28,2030.45,2759.202
328,2011-06-29,2321.6000000000004,2728.4829999999997
329,2011-06-30,2958.4100000000003,2762.0759999999996
330,2011-07-01,1483.5,2759.362
331,2011-07-04,1587.6,2812.8179999999998
332,2011-07-05,860.8,2816.355
333,2011-07-06,5003.0,2810.4790000000003
334,2011-07-07,1664.33,2794.2670000000003
335,2011-07-08,1750.28,2797.7740000000003
336,2011-07-11,1882.0000000000002,2802.692
337,2011-07-12,847.9,2754.5820000000003
338,2011-07-13,4065.7200000000003,2795.4759999999997
339,2011-07-14,1409.42,2810.4440000000004
340,2011-07-15,1773.2600000000002,2820.1690000000003
341,2011-07-18,4328.5999999999985,2816.688
342,2011-07-19,5468.42,2796.9829999999997
343,2011-07-20,2258.43,2794.205
344,2011-07-21,634.4699999999999,2765.8940000000002
345,2011-07-22,1728.0,2770.79
346,2011-07-25,1292.12,2688.7459999999996
347,2011-07-26,837.77,2703.026
348,2011-07-27,1707.5,2723.492
349,2011-07-28,762.73,2708.777
350,2011-07-29,102.7,2701.7290000000003
351,2011-08-01,134.82,2703.783
352,2011-08-02,2610.5,2679.259
353,2011-08-03,8526.14,2678.485
354,2011-08-04,12079.32,2684.039
355,2011-08-05,1072.04,2626.423
356,2011-08-08,2025.71,2526.8160000000003
357,2011-08-09,1828.86,2526.07
358,2011-08-10,3333.5,2549.176
359,2011-08-11,183.38,2581.508
360,2011-08-12,3997.4,2593.173
361,2011-08-15,5262.75,2626.77
362,2011-08-16,5141.63,2608.166
363,2011-08-17,3622.4300000000003,2601.261
364,2011-08-18,3234.5,2559.472
365,2011-08-19,322.5,2534.3579999999997
366,2011-08-22,602.9,2515.863
367,2011-08-23,640.0,2554.019
368,2011-08-24,1429.35,2541.091
369,2011-08-25,1284.7300000000002,2615.261
370,2011-08-26,1005.0,2612.188
371,2011-08-29,1135.54,2576.413
372,2011-08-30,1220.43,2566.595
373,2011-08-31,506.6,2567.34
374,2011-09-01,1579.3,2556.042
375,2011-09-02,201.9,2528.28
376,2011-09-05,65.37,2478.739
377,2011-09-06,1056.8,2470.524
378,2011-09-07,1118.29,2516.09
379,2011-09-08,1132.19,2498.9429999999998
380,2011-09-09,853.8,2497.7529999999997
381,2011-09-13,350.0,2471.305
382,2011-09-14,947.77,2484.827
383,2011-09-15,648.2,2479.055
384,2011-09-16,1540.86,2482.343
385,2011-09-19,404.4,2437.795
386,2011-09-20,1275.9099999999999,2447.755
387,2011-09-21,1434.76,2512.9629999999997
388,2011-09-22,1032.63,2443.0570000000002
389,2011-09-23,254.3,2433.159
390,2011-09-26,1995.46,2393.183
391,2011-09-27,2263.5600000000004,2415.054
392,2011-09-28,1268.65,2392.062
393,2011-09-29,147.57,2365.343
394,2011-09-30,147.65,2359.22
395,2011-10-10,610.09,2344.7870000000003
396,2011-10-11,1023.8,2348.516
397,2011-10-12,313.81,2420.0
398,2011-10-13,2704.93,2438.79
399,2011-10-14,1018.46,2431.375
400,2011-10-17,877.9899999999999,2440.402
401,2011-10-18,542.51,2383.485
402,2011-10-19,177.89,2377.512
403,2011-10-20,462.24,2331.366
404,2011-10-21,171.0,2317.275
405,2011-10-24,441.06,2370.333
406,2011-10-25,1760.75,2409.672
407,2011-10-26,2226.43,2427.48
408,2011-10-27,1113.9,2435.614
409,2011-10-28,1733.32,2473.41
410,2011-10-31,1981.42,2468.25
411,2011-11-01,1283.86,2470.019
412,2011-11-02,1855.56,2504.1079999999997
413,2011-11-03,3486.3,2508.09
414,2011-11-04,1485.8300000000002,2528.294
415,2011-11-07,16732.319999999996,2509.799
416,2011-11-08,13859.039999999999,2503.8360000000002
417,2011-11-09,3921.15,2524.919
418,2011-11-10,1646.78,2479.536
419,2011-11-11,2292.68,2481.084
420,2011-11-14,4431.42,2528.714
421,2011-11-15,3380.0,2529.761
422,2011-11-16,945.05,2466.959
423,2011-11-17,2886.76,2463.0460000000003
424,2011-11-18,3037.18,2416.562
425,2011-11-21,1567.55,2415.13
426,2011-11-22,1810.8899999999999,2412.625
427,2011-11-23,840.4,2395.065
428,2011-11-24,1113.9499999999998,2397.554
429,2011-11-25,1386.26,2380.224
430,2011-11-28,1394.28,2383.034
431,2011-11-29,2703.1400000000003,2412.393
432,2011-11-30,981.26,2333.4139999999998
433,2011-12-01,1985.26,2386.86
434,2011-12-02,144.0,2360.6639999999998
435,2011-12-05,1106.53,2333.229
436,2011-12-06,221.0,2325.905
437,2011-12-07,501.4,2332.73
438,2011-12-08,321.72,2329.82
439,2011-12-09,1836.6,2315.27
440,2011-12-12,624.0,2291.545
441,2011-12-13,232.77,2248.59
442,2011-12-14,526.47,2228.525
443,2011-12-15,189.81,2180.895
444,2011-12-16,1586.64,2224.84
445,2011-12-19,1814.8199999999997,2218.235
446,2011-12-20,2776.02,2215.93
447,2011-12-21,2225.7200000000003,2191.1479999999997
448,2011-12-22,1598.08,2186.297
449,2011-12-23,2562.4399999999996,2204.784
450,2011-12-26,1144.24,2190.11
451,2011-12-27,4114.0,2166.205
452,2011-12-28,4306.53,2170.013
453,2011-12-29,4943.26,2173.561
454,2011-12-30,323.26000000000005,2199.417
455,2012-01-04,1546.44,2169.39
456,2012-01-05,2510.0,2148.452
457,2012-01-06,780.0,2163.395
458,2012-01-09,1414.74,2225.89
459,2012-01-10,1711.5,2285.744
460,2012-01-11,2210.3599999999997,2276.0460000000003
461,2012-01-12,1594.8,2275.01
462,2012-01-13,742.0,2244.58
463,2012-01-16,546.5,2206.1929999999998
464,2012-01-17,1785.9,2298.376
465,2012-01-18,1269.2,2266.384
466,2012-01-19,1578.79,2296.075
467,2012-01-20,412.41999999999996,2319.118
468,2012-01-30,159.94,2285.038
469,2012-01-31,856.21,2292.61
470,2012-02-01,675.07,2268.08
471,2012-02-02,506.2,2312.556
472,2012-02-03,301.0,2330.405
473,2012-02-06,352.0,2331.136
474,2012-02-07,1340.0,2291.902
475,2012-02-08,1380.5,2347.53
476,2012-02-09,1828.0,2349.589
477,2012-02-10,1197.8,2351.981
478,2012-02-13,1301.0,2351.855
479,2012-02-14,2108.1,2344.771
480,2012-02-15,3020.49,2366.702
481,2012-02-16,2970.7,2356.86
482,2012-02-17,1382.0,2357.181
483,2012-02-20,3073.7,2363.597
484,2012-02-21,2128.38,2381.43
485,2012-02-22,3522.5,2403.587
486,2012-02-23,969.0,2409.554
487,2012-02-24,1163.7,2439.6279999999997
488,2012-02-27,2678.01,2447.0570000000002
489,2012-02-28,1271.6299999999999,2451.857
490,2012-02-29,621.5,2428.487
491,2012-03-01,1713.0,2426.115
492,2012-03-02,1807.0,2460.6929999999998
493,2012-03-05,2228.51,2445.002
494,2012-03-06,1220.76,2410.445
495,2012-03-07,3769.52,2394.794
496,2012-03-08,4460.110000000001,2420.276
497,2012-03-09,2361.49,2439.462
498,2012-03-12,2315.38,2434.859
499,2012-03-13,1101.38,2455.795
500,2012-03-14,459.1,2391.23
501,2012-03-15,939.0,2373.774
502,2012-03-16,2258.54,2404.736
503,2012-03-19,1758.51,2410.1839999999997
504,2012-03-20,1080.0,2376.839
505,2012-03-21,2714.72,2378.195
506,2012-03-22,854.0,2375.772
507,2012-03-23,2517.02,2349.5389999999998
508,2012-03-26,664.63,2350.599
509,2012-03-27,1920.4099999999999,2347.179
510,2012-03-28,622.8,2284.881
511,2012-03-29,1391.74,2252.16
512,2012-03-30,573.97,2262.788
513,2012-04-05,735.67,2302.241
514,2012-04-06,1442.9,2306.553
515,2012-04-09,608.29,2285.777
516,2012-04-10,1493.22,2305.863
517,2012-04-11,2625.7400000000002,2308.925
518,2012-04-12,1137.9,2350.864
519,2012-04-13,1233.5,2359.161
520,2012-04-16,2249.5299999999997,2357.026
521,2012-04-17,1674.38,2334.985
522,2012-04-18,3620.0,2380.848
523,2012-04-19,2526.3,2378.634
524,2012-04-20,143.22,2406.863
525,2012-04-23,906.4,2388.5879999999997
526,2012-04-24,1934.5,2388.834
527,2012-04-25,1699.9,2406.813
528,2012-04-26,3117.9800000000005,2404.697
529,2012-04-27,1635.2,2396.3160000000003
530,2012-05-02,1610.23,2438.436
531,2012-05-03,3555.8500000000004,2440.08
532,2012-05-04,4237.35,2452.014
533,2012-05-07,3036.1,2451.947
534,2012-05-08,3385.31,2448.884
535,2012-05-09,2711.87,2408.587
536,2012-05-10,475.8,2410.23
537,2012-05-11,1140.0,2394.9829999999997
538,2012-05-14,3814.03,2380.725
539,2012-05-15,1276.68,2374.843
540,2012-05-16,1330.0,2346.192
541,2012-05-17,2313.16,2378.886
542,2012-05-18,1652.0,2344.52
543,2012-05-21,3778.87,2348.3
544,2012-05-22,2972.03,2373.3070000000002
545,2012-05-23,3015.75,2363.437
546,2012-05-24,1497.83,2350.973
547,2012-05-25,1758.0,2333.553
548,2012-05-28,1190.3700000000001,2361.367
549,2012-05-29,4801.98,2389.636
550,2012-05-30,5629.0,2384.6679999999997
551,2012-05-31,62416.869999999995,2372.234
552,2012-06-01,786.9,2373.436
553,2012-06-04,560.0,2308.55
554,2012-06-05,1434.99,2311.916
555,2012-06-06,2468.1000000000004,2309.555
556,2012-06-07,1493.03,2293.13
557,2012-06-08,1290.0,2281.447
558,2012-06-11,1964.51,2305.856
559,2012-06-12,1275.43,2289.791
560,2012-06-13,1295.21,2318.924
561,2012-06-14,1466.8000000000002,2295.946
562,2012-06-15,2234.8,2306.85
563,2012-06-18,4420.65,2316.052
564,2012-06-19,1181.0,2300.795
565,2012-06-20,27998.41,2292.877
566,2012-06-21,1685.0,2260.877
567,2012-06-25,840.4999999999999,2224.114
568,2012-06-26,2444.02,2222.067
569,2012-06-27,2538.32,2216.9339999999997
570,2012-06-28,1686.0400000000002,2195.843
571,2012-06-29,3088.1299999999997,2225.431
572,2012-07-02,2476.46,2226.11
573,2012-07-03,2482.0699999999997,2229.1929999999998
574,2012-07-04,1908.61,2227.315
575,2012-07-05,731.81,2201.353
576,2012-07-06,2160.95,2223.5789999999997
577,2012-07-09,2683.9900000000002,2170.814
578,2012-07-10,441.97,2164.437
579,2012-07-11,1277.8200000000002,2175.383
580,2012-07-12,3116.01,2185.491
581,2012-07-13,2972.98,2185.895
582,2012-07-16,2610.0,2147.955
583,2012-07-17,1539.0,2161.186
584,2012-07-18,1874.0,2169.099
585,2012-07-19,1517.5,2184.841
586,2012-07-20,307.87,2168.638
587,2012-07-23,1053.1,2141.402
588,2012-07-24,435.65,2146.589
589,2012-07-25,3441.71,2136.151
590,2012-07-26,414.26,2126.004
591,2012-07-27,3021.5299999999997,2128.765
592,2012-07-30,9392.0,2109.9139999999998
593,2012-07-31,1697.87,2103.634
594,2012-08-01,2602.1800000000003,2123.36
595,2012-08-02,535.3,2111.1820000000002
596,2012-08-03,1196.55,2132.7960000000003
597,2012-08-06,1676.8899999999999,2154.916
598,2012-08-07,1357.7299999999998,2157.62
599,2012-08-08,1020.36,2160.99
600,2012-08-09,1401.88,2174.1020000000003
601,2012-08-10,1549.97,2168.814
602,2012-08-13,1322.68,2136.078
603,2012-08-14,371.3,2142.525
604,2012-08-15,1471.08,2118.945
605,2012-08-16,2599.7799999999997,2112.197
606,2012-08-17,536.6800000000001,2114.891
607,2012-08-20,141.81,2106.9570000000003
608,2012-08-21,270.0,2118.268
609,2012-08-22,945.85,2107.7110000000002
610,2012-08-23,1177.13,2113.072
611,2012-08-24,3144.3199999999997,2092.104
612,2012-08-27,504.73,2055.708
613,2012-08-28,4396.8099999999995,2073.154
614,2012-08-29,3115.81,2053.235
615,2012-08-30,1736.2400000000002,2052.585
616,2012-08-31,739.98,2047.5220000000002
617,2012-09-03,4047.7599999999998,2059.147
618,2012-09-04,868.08,2043.649
619,2012-09-05,1447.0,2037.681
620,2012-09-06,2120.42,2051.9179999999997
621,2012-09-07,3458.92,2127.762
622,2012-09-10,3480.0,2134.893
623,2012-09-11,3848.95,2120.554
624,2012-09-12,1321.6100000000001,2126.554
625,2012-09-13,837.87,2110.379
626,2012-09-14,1005.6,2123.847
627,2012-09-17,1521.2800000000002,2078.5
628,2012-09-18,1195.44,2059.5429999999997
629,2012-09-19,1180.73,2067.831
630,2012-09-20,1343.49,2024.8370000000002
631,2012-09-21,5643.6,2026.69
632,2012-09-24,1726.99,2033.192
633,2012-09-25,1871.65,2029.293
634,2012-09-26,2864.16,2004.172
635,2012-09-27,1197.0,2056.323
636,2012-09-28,1176.0,2086.169
637,2012-10-08,1294.0,2074.419
638,2012-10-09,3488.3599999999997,2115.23
639,2012-10-10,892.0,2119.942
640,2012-10-11,1189.2,2102.868
641,2012-10-12,2691.61,2104.9320000000002
642,2012-10-15,865.0,2098.703
643,2012-10-16,1121.79,2098.808
644,2012-10-17,1177.55,2105.618
645,2012-10-18,4481.71,2131.688
646,2012-10-19,759.0,2128.302
647,2012-10-22,1411.0,2132.758
648,2012-10-23,2067.8599999999997,2114.447
649,2012-10-24,1912.67,2115.99
650,2012-10-25,750.0,2101.58
651,2012-10-26,16.91,2066.209
652,2012-10-29,148.0,2058.9429999999998
653,2012-10-30,2872.94,2062.347
654,2012-10-31,4980.110000000001,2068.88
655,2012-11-01,3127.39,2104.428
656,2012-11-02,2364.0,2117.0460000000003
657,2012-11-05,1017.42,2114.027
658,2012-11-06,3285.3500000000004,2105.999
659,2012-11-07,5570.0199999999995,2105.73
660,2012-11-08,515.8199999999999,2071.509
661,2012-11-09,951.1999999999999,2069.067
662,2012-11-12,850.0,2079.274
663,2012-11-13,858.8,2047.889
664,2012-11-14,544.4200000000001,2055.419
665,2012-11-15,2466.44,2030.29
666,2012-11-16,977.0,2014.725
667,2012-11-19,2075.56,2016.9820000000002
668,2012-11-20,2079.1,2008.9229999999998
669,2012-11-21,814.0,2030.319
670,2012-11-22,1590.31,2015.611
671,2012-11-23,2895.93,2027.384
672,2012-11-26,2800.34,2017.464
673,2012-11-27,1130.0,1991.165
674,2012-11-28,1588.68,1973.523
675,2012-11-29,1415.07,1963.4879999999998
676,2012-11-30,1511.51,1980.1170000000002
677,2012-12-03,2078.92,1959.767
678,2012-12-04,2861.5200000000004,1975.1429999999998
679,2012-12-05,3928.109999999999,2031.9070000000002
680,2012-12-06,9104.92,2029.237
681,2012-12-07,2396.76,2061.786
682,2012-12-10,5506.52,2083.77
683,2012-12-11,1188.6,2074.7039999999997
684,2012-12-12,3328.79,2082.726
685,2012-12-13,1611.42,2061.476
686,2012-12-14,3598.5,2150.625
687,2012-12-17,3719.5799999999995,2160.342
688,2012-12-18,3834.83,2162.464
689,2012-12-19,3753.21,2162.239
690,2012-12-20,4327.050000000001,2168.353
691,2012-12-21,4703.4400000000005,2153.31
692,2012-12-24,13488.65,2159.053
693,2012-12-25,8165.01,2213.611
694,2012-12-26,8193.779999999999,2219.132
695,2012-12-27,3546.63,2205.897
696,2012-12-28,3823.6499999999996,2233.252
697,2012-12-31,4426.65,2269.1279999999997
698,2013-01-04,544.1800000000001,2276.992
699,2013-01-07,4171.360000000001,2285.364
700,2013-01-08,4337.53,2276.07
701,2013-01-09,2619.65,2275.34
702,2013-01-10,6080.400000000001,2283.658
703,2013-01-11,3321.77,2242.9970000000003
704,2013-01-14,3837.2299999999996,2311.74
705,2013-01-15,8205.93,2325.6820000000002
706,2013-01-16,5813.509999999999,2309.499
707,2013-01-17,3067.92,2284.909
708,2013-01-18,4706.39,2317.07
709,2013-01-21,8555.48,2328.221
710,2013-01-22,3285.35,2315.139
711,2013-01-23,11916.01,2320.911
712,2013-01-24,711.99,2302.598
713,2013-01-25,4572.709999999999,2291.304
714,2013-01-28,9178.97,2346.505
715,2013-01-29,5133.5,2358.9770000000003
716,2013-01-30,1904.14,2382.475
717,2013-01-31,2279.66,2385.422
718,2013-02-01,4022.4799999999996,2419.02
719,2013-02-04,3829.17,2428.154
720,2013-02-05,1878.76,2433.13
721,2013-02-06,2345.98,2434.4770000000003
722,2013-02-07,4103.9400000000005,2418.53
723,2013-02-08,4497.91,2432.402
724,2013-02-18,1208.4,2421.558
725,2013-02-19,3528.66,2382.9139999999998
726,2013-02-20,1081.8899999999999,2397.178
727,2013-02-21,1466.0,2325.951
728,2013-02-22,4997.0,2314.1639999999998
729,2013-02-25,1372.4800000000002,2325.819
730,2013-02-26,2136.69,2293.341
731,2013-02-27,3464.0,2313.22
732,2013-02-28,2910.6299999999997,2365.593
733,2013-03-01,1956.37,2359.506
734,2013-03-04,600.26,2273.404
735,2013-03-05,5040.16,2326.306
736,2013-03-06,3287.35,2347.179
737,2013-03-07,1449.1200000000001,2324.2929999999997
738,2013-03-08,2611.3199999999997,2318.611
739,2013-03-11,426.88,2310.593
740,2013-03-12,1485.0,2286.605
741,2013-03-13,959.54,2263.968
742,2013-03-14,7091.92,2270.277
743,2013-03-15,1642.0,2278.401
744,2013-03-18,1862.09,2240.016
745,2013-03-19,812.0,2257.4339999999997
746,2013-03-20,1685.0,2317.374
747,2013-03-21,4615.959999999999,2324.242
748,2013-03-22,4118.0,2328.278
749,2013-03-25,2325.67,2326.715
750,2013-03-26,5170.26,2297.669
751,2013-03-27,2250.72,2301.259
752,2013-03-28,1037.0,2236.302
753,2013-03-29,1979.7,2236.621
754,2013-04-01,1267.8400000000001,2234.395
755,2013-04-02,2164.81,2227.74
756,2013-04-03,1996.6,2225.295
757,2013-04-08,1809.4,2211.592
758,2013-04-09,1336.0,2225.775
759,2013-04-10,1846.6100000000001,2226.126
760,2013-04-11,280.0,2219.553
761,2013-04-12,1098.93,2206.78
762,2013-04-15,380.0,2181.942
763,2013-04-16,2605.01,2194.846
764,2013-04-17,4969.43,2193.7960000000003
765,2013-04-18,2448.22,2197.6020000000003
766,2013-04-19,1204.75,2244.643
767,2013-04-22,3300.98,2242.169
768,2013-04-23,6943.54,2184.538
769,2013-04-24,3814.7000000000003,2218.3179999999998
770,2013-04-25,1890.0,2199.3070000000002
771,2013-04-26,1177.48,2177.9120000000003
772,2013-05-02,4393.0599999999995,2174.123
773,2013-05-03,5191.420000000001,2205.4970000000003
774,2013-05-06,4380.969999999999,2231.166
775,2013-05-07,2464.9700000000003,2235.575
776,2013-05-08,3669.28,2246.3
777,2013-05-09,3116.0,2232.971
778,2013-05-10,4701.3,2246.831
779,2013-05-13,4422.76,2241.92
780,2013-05-14,9515.03,2217.01
781,2013-05-15,5560.28,2224.797
782,2013-05-16,6038.09,2251.806
783,2013-05-17,9970.569999999998,2282.87
784,2013-05-20,3819.9900000000002,2299.986
785,2013-05-21,6480.07,2305.114
786,2013-05-22,7894.539999999999,2302.403
787,2013-05-23,4583.12,2275.667
788,2013-05-24,6116.12,2288.533
789,2013-05-27,8509.869999999999,2293.077
790,2013-05-28,11366.420000000002,2321.3179999999998
791,2013-05-29,4870.4400000000005,2324.0170000000003
792,2013-05-30,3465.44,2317.749
793,2013-05-31,2331.56,2300.595
794,2013-06-03,5634.45,2299.252
795,2013-06-04,4083.67,2272.416
796,2013-06-05,2539.81,2270.931
797,2013-06-06,2791.08,2242.11
798,2013-06-07,2142.0,2210.8979999999997
799,2013-06-13,5378.01,2148.355
800,2013-06-14,5356.35,2162.041
801,2013-06-17,5050.99,2156.215
802,2013-06-18,6003.81,2159.291
803,2013-06-19,2865.15,2143.4539999999997
804,2013-06-20,3464.87,2084.021
805,2013-06-21,4888.25,2073.095
806,2013-06-24,4265.84,1963.235
807,2013-06-25,1047.0900000000001,1959.5079999999998
808,2013-06-26,2246.09,1951.495
809,2013-06-27,1862.0,1950.013
810,2013-06-28,2510.69,1979.2060000000001
811,2013-07-01,1766.0,1995.2420000000002
812,2013-07-02,1375.92,2006.56
813,2013-07-03,5665.79,1994.2679999999998
814,2013-07-04,8281.23,2006.098
815,2013-07-05,3765.97,2007.1989999999998
816,2013-07-08,2145.7799999999997,1958.273
817,2013-07-09,1524.98,1965.454
818,2013-07-10,1000.8,2008.126
819,2013-07-11,3307.98,2072.991
820,2013-07-12,3382.88,2039.486
821,2013-07-15,5183.13,2059.39
822,2013-07-16,3645.64,2065.72
823,2013-07-17,5343.5,2044.922
824,2013-07-18,4801.389999999999,2023.396
825,2013-07-19,4031.0,1992.648
826,2013-07-22,4082.9900000000002,2004.7620000000002
827,2013-07-23,3263.0,2043.876
828,2013-07-24,9259.81,2033.329
829,2013-07-25,3716.48,2021.174
830,2013-07-26,9214.970000000001,2010.85
831,2013-07-29,858.8,1976.306
832,2013-07-30,1906.95,1990.0639999999999
833,2013-07-31,1770.0,1993.799
834,2013-08-01,970.0,2029.067
835,2013-08-02,2175.08,2029.418
836,2013-08-05,2772.19,2050.481
837,2013-08-06,2136.8,2060.5
838,2013-08-07,2112.39,2046.7779999999998
839,2013-08-08,2586.55,2044.895
840,2013-08-09,7050.03,2052.235
841,2013-08-12,1576.0,2101.283
842,2013-08-13,3288.94,2106.156
843,2013-08-14,1437.44,2100.137
844,2013-08-15,5325.99,2081.88
845,2013-08-16,1796.0,2068.452
846,2013-08-19,10178.300000000001,2085.6020000000003
847,2013-08-20,5214.9,2072.595
848,2013-08-21,4678.24,2072.9610000000002
849,2013-08-22,2433.75,2067.124
850,2013-08-23,4900.57,2057.458
851,2013-08-26,2536.29,2096.474
852,2013-08-27,5812.13,2103.567
853,2013-08-28,11660.4,2101.301
854,2013-08-29,739.94,2097.2270000000003
855,2013-08-30,3288.5600000000004,2098.382
856,2013-09-02,6237.65,2098.448
857,2013-09-03,4339.15,2123.112
858,2013-09-04,3134.0100000000007,2127.618
859,2013-09-05,1295.0,2122.43
860,2013-09-06,2978.61,2139.993
861,2013-09-09,3674.8999999999996,2212.516
862,2013-09-10,4586.9,2237.984
863,2013-09-11,4681.33,2241.268
864,2013-09-12,3721.55,2255.605
865,2013-09-13,7748.75,2236.217
866,2013-09-16,6368.35,2231.401
867,2013-09-17,12000.89,2185.56
868,2013-09-18,2445.0,2191.851
869,2013-09-23,5017.92,2221.044
870,2013-09-24,5421.75,2207.531
871,2013-09-25,4852.780000000001,2198.515
872,2013-09-26,3872.53,2155.8089999999997
873,2013-09-27,6642.01,2160.027
874,2013-09-30,1051.24,2174.665
875,2013-10-08,434.26,2198.199
876,2013-10-09,2628.35,2211.769
877,2013-10-10,6775.2699999999995,2190.929
878,2013-10-11,5444.0,2228.146
879,2013-10-14,2620.8799999999997,2237.7729999999997
880,2013-10-15,2513.85,2233.4120000000003
881,2013-10-16,1610.82,2193.074
882,2013-10-17,4870.139999999999,2188.542
883,2013-10-18,4636.71,2193.78
884,2013-10-21,3392.8,2229.237
885,2013-10-22,4223.87,2210.652
886,2013-10-23,7586.120000000001,2183.107
887,2013-10-24,6024.74,2164.322
888,2013-10-25,1881.6799999999998,2132.955
889,2013-10-28,2944.59,2133.869
890,2013-10-29,3227.3,2128.864
891,2013-10-30,6109.990000000001,2160.4629999999997
892,2013-10-31,2463.12,2141.614
893,2013-11-01,1812.17,2149.562
894,2013-11-04,2332.82,2149.634
895,2013-11-05,6934.16,2157.24
896,2013-11-06,4807.3,2139.607
897,2013-11-07,5350.900000000001,2129.4
898,2013-11-08,4166.469999999999,2106.127
899,2013-11-11,4385.68,2109.471
900,2013-11-12,1768.5,2126.772
901,2013-11-13,5886.27,2087.9410000000003
902,2013-11-14,1882.45,2100.506
903,2013-11-15,4599.72,2135.827
904,2013-11-18,2750.62,2197.219
905,2013-11-19,6523.64,2193.125
906,2013-11-20,10657.36,2206.613
907,2013-11-21,6731.150000000001,2205.766
908,2013-11-22,2152.08,2196.3779999999997
909,2013-11-25,5947.01,2186.115
910,2013-11-26,6213.51,2183.073
911,2013-11-27,9362.89,2201.07
912,2013-11-28,7326.240000000001,2219.3720000000003
913,2013-11-29,10259.64,2220.504
914,2013-12-02,7477.29,2207.371
915,2013-12-03,8229.93,2222.67
916,2013-12-04,8057.290000000001,2251.762
917,2013-12-05,5680.29,2247.063
918,2013-12-06,6367.9800000000005,2237.1079999999997
919,2013-12-09,9888.789999999999,2238.2
920,2013-12-10,12378.64,2237.492
921,2013-12-11,4506.18,2204.166
922,2013-12-12,6392.64,2202.7960000000003
923,2013-12-13,5702.86,2196.075
924,2013-12-16,9711.579999999998,2160.861
925,2013-12-17,10814.96,2151.0789999999997
926,2013-12-18,4948.43,2148.285
927,2013-12-19,9491.21,2127.792
928,2013-12-20,1706.36,2084.794
929,2013-12-23,10835.25,2089.7070000000003
930,2013-12-24,9496.66,2092.905
931,2013-12-25,10785.65,2106.354
932,2013-12-26,9936.84,2073.099
933,2013-12-27,13053.18,2101.251
934,2013-12-30,6864.7,2097.529
935,2013-12-31,8741.76,2115.978
936,2014-01-02,4877.0,2109.387
937,2014-01-03,3574.34,2083.136
938,2014-01-06,4804.85,2045.7089999999998
939,2014-01-07,5855.58,2047.317
940,2014-01-08,3687.19,2044.34
941,2014-01-09,3500.0,2027.622
942,2014-01-10,1309.25,2013.2979999999998
943,2014-01-13,1910.8,2009.5639999999999
944,2014-01-14,3531.75,2026.842
945,2014-01-15,2201.37,2023.348
946,2014-01-16,3363.66,2023.701
947,2014-01-17,2536.75,2004.9489999999998
948,2014-01-20,5634.540000000001,1991.253
949,2014-01-21,2885.1,2008.3129999999999
950,2014-01-22,3776.16,2051.749
951,2014-01-23,6425.49,2042.18
952,2014-01-24,4578.62,2054.3920000000003
953,2014-01-27,7684.6,2033.3
954,2014-01-28,1805.5,2038.513
955,2014-01-29,2021.99,2049.9139999999998
956,2014-01-30,500.0,2033.0829999999999
957,2014-02-07,640.0,2044.497
958,2014-02-10,8585.789999999999,2086.067
959,2014-02-11,5076.2,2103.6710000000003
960,2014-02-12,11145.449999999999,2109.955
961,2014-02-13,4881.39,2098.401
962,2014-02-14,5559.04,2115.848
963,2014-02-17,4941.259999999999,2135.415
964,2014-02-18,5705.1,2119.0660000000003
965,2014-02-19,3033.8500000000004,2142.554
966,2014-02-20,2243.06,2138.782
967,2014-02-21,1342.61,2113.6929999999998
968,2014-02-24,6311.38,2076.686
969,2014-02-25,1755.27,2034.219
970,2014-02-26,4884.199999999999,2041.254
971,2014-02-27,8547.84,2047.354
972,2014-02-28,4818.79,2056.302
973,2014-03-03,4878.47,2075.235
974,2014-03-04,4015.78,2071.473
975,2014-03-05,5096.73,2053.084
976,2014-03-06,4156.8,2059.578
977,2014-03-07,3752.36,2057.908
978,2014-03-10,759.99,1999.065
979,2014-03-11,2508.48,2001.1570000000002
980,2014-03-12,3058.0,1997.692
981,2014-03-13,3798.6,2019.111
982,2014-03-14,1030.0,2004.339
983,2014-03-17,4985.389999999999,2023.6729999999998
984,2014-03-18,9187.0,2025.1960000000001
985,2014-03-19,4931.97,2021.734
986,2014-03-20,2604.76,1993.479
987,2014-03-21,1337.0,2047.619
988,2014-03-24,10759.68,2066.279
989,2014-03-25,2795.45,2067.311
990,2014-03-26,3209.7799999999997,2063.67
991,2014-03-27,1938.5900000000001,2046.588
992,2014-03-28,1790.5700000000002,2041.7120000000002
993,2014-03-31,3048.24,2033.306
994,2014-04-01,2197.2799999999997,2047.46
995,2014-04-02,2747.05,2058.988
996,2014-04-03,1277.72,2043.7020000000002
997,2014-04-04,1949.0,2058.831
998,2014-04-08,1424.62,2098.284
999,2014-04-09,1689.7700000000002,2105.237
1000,2014-04-10,3147.3599999999997,2134.3
1001,2014-04-11,2890.31,2130.542
1002,2014-04-14,1423.0,2131.5389999999998
1003,2014-04-15,2358.43,2101.601
1004,2014-04-16,5658.73,2105.1220000000003
1005,2014-04-17,8872.82,2098.885
1006,2014-04-18,1382.14,2097.748
1007,2014-04-21,1068.8,2065.826
1008,2014-04-22,1313.3400000000001,2072.831
1009,2014-04-23,3269.9799999999996,2067.382
1010,2014-04-24,1187.56,2057.033
1011,2014-04-25,4089.67,2036.519
1012,2014-04-28,3163.7,2003.487
1013,2014-04-29,2395.0,2020.3410000000001
1014,2014-04-30,2843.0,2026.358
1015,2014-05-05,1762.0,2027.3529999999998
1016,2014-05-06,3662.64,2028.0379999999998
1017,2014-05-07,2173.46,2010.0829999999999
1018,2014-05-08,3793.65,2015.274
1019,2014-05-09,3397.9,2011.135
1020,2014-05-12,3410.44,2052.871
1021,2014-05-13,2320.4,2050.728
1022,2014-05-14,3607.75,2047.91
1023,2014-05-15,694.0,2024.974
1024,2014-05-16,3639.69,2026.504
1025,2014-05-19,289.66999999999996,2005.183
1026,2014-05-20,2613.2799999999997,2008.119
1027,2014-05-21,4580.13,2024.951
1028,2014-05-22,3446.31,2021.285
1029,2014-05-23,3284.98,2034.569
1030,2014-05-26,3364.57,2041.476
1031,2014-05-27,5335.0,2034.565
1032,2014-05-28,4742.5,2050.228
1033,2014-05-29,4886.01,2040.595
1034,2014-05-30,1398.25,2039.2120000000002
1035,2014-06-03,3287.5,2038.305
1036,2014-06-04,1200.06,2024.8339999999998
1037,2014-06-05,5025.55,2040.878
1038,2014-06-06,2210.0,2029.9560000000001
1039,2014-06-09,1913.8,2030.5020000000002
1040,2014-06-10,3928.36,2052.532
1041,2014-06-11,4874.280000000001,2054.948
1042,2014-06-12,8401.199999999999,2051.7129999999997
1043,2014-06-13,3916.3,2070.715
1044,2014-06-16,4093.87,2085.9829999999997
1045,2014-06-17,3040.02,2066.698
1046,2014-06-18,5673.58,2055.519
1047,2014-06-19,4518.82,2023.735
1048,2014-06-20,6062.73,2026.674
1049,2014-06-23,4248.530000000001,2024.365
1050,2014-06-24,4229.8,2033.931
1051,2014-06-25,4166.25,2025.5020000000002
1052,2014-06-26,6267.97,2038.6770000000001
1053,2014-06-27,4575.3,2036.51
1054,2014-06-30,5528.97,2048.327
1055,2014-07-01,4461.280000000001,2050.381
1056,2014-07-02,4490.61,2059.4179999999997
1057,2014-07-03,3069.82,2063.229
1058,2014-07-04,4333.7,2059.375
1059,2014-07-07,6631.0,2059.927
1060,2014-07-08,5193.4400000000005,2064.021
1061,2014-07-09,3639.5899999999992,2038.612
1062,2014-07-10,11168.64,2038.342
1063,2014-07-11,10535.1,2046.961
1064,2014-07-14,6622.11,2066.646
1065,2014-07-15,5629.01,2070.357
1066,2014-07-16,1578.54,2067.276
1067,2014-07-17,5945.71,2055.591
1068,2014-07-18,9103.949999999999,2059.067
1069,2014-07-21,2951.9300000000003,2054.479
1070,2014-07-22,8427.600000000002,2075.481
1071,2014-07-23,3001.0,2078.489
1072,2014-07-24,2569.0,2105.062
1073,2014-07-25,9458.83,2126.614
1074,2014-07-28,3580.3900000000003,2177.948
1075,2014-07-29,6379.73,2183.192
1076,2014-07-30,3906.52,2181.243
1077,2014-07-31,1917.9099999999999,2201.562
1078,2014-08-01,2408.0700000000006,2185.303
1079,2014-08-04,6791.66,2223.331
1080,2014-08-05,7498.669999999999,2219.945
1081,2014-08-06,20130.16,2217.465
1082,2014-08-07,4831.379999999999,2187.669
1083,2014-08-08,3834.2100000000005,2194.425
1084,2014-08-11,4772.25,2224.654
1085,2014-08-12,14685.999999999998,2221.595
1086,2014-08-13,7679.07,2222.877
1087,2014-08-14,8998.089999999998,2206.466
1088,2014-08-15,5490.070000000001,2226.734
1089,2014-08-18,9213.73,2239.466
1090,2014-08-19,9552.480000000001,2245.33
1091,2014-08-20,19485.71,2240.2110000000002
1092,2014-08-21,10391.470000000001,2230.458
1093,2014-08-22,10381.050000000001,2240.812
1094,2014-08-25,3369.91,2229.274
1095,2014-08-26,5169.400000000001,2207.106
1096,2014-08-27,6281.14,2209.465
1097,2014-08-28,4028.07,2195.8179999999998
1098,2014-08-29,4032.2099999999996,2217.2
1099,2014-09-01,5681.53,2235.511
1100,2014-09-02,12293.590000000002,2266.0460000000003
1101,2014-09-03,27932.010000000006,2288.627
1102,2014-09-04,24293.63,2306.862
1103,2014-09-05,5068.41,2326.4320000000002
1104,2014-09-09,26409.25,2326.527
1105,2014-09-10,19396.630000000005,2318.305
1106,2014-09-11,13106.72,2311.679
1107,2014-09-12,13441.16,2331.95
1108,2014-09-15,8658.34,2339.14
1109,2014-09-16,6207.82,2296.555
1110,2014-09-17,14096.1,2307.893
1111,2014-09-18,5704.05,2315.928
1112,2014-09-19,14072.02,2329.451
1113,2014-09-22,19396.850000000002,2289.866
1114,2014-09-23,12652.07,2309.718
1115,2014-09-24,7113.630000000001,2343.575
1116,2014-09-25,18330.01,2345.103
1117,2014-09-26,13390.959999999997,2347.72
1118,2014-09-29,12309.39,2357.71
1119,2014-09-30,5191.03,2363.87
1120,2014-10-08,2982.41,2382.79
1121,2014-10-09,4904.0,2389.37
1122,2014-10-10,6552.5,2374.54
1123,2014-10-13,4681.5599999999995,2366.01
1124,2014-10-14,6385.88,2359.48
1125,2014-10-15,6680.0,2373.67
1126,2014-10-16,7957.77,2356.5
1127,2014-10-17,1867.92,2341.18
1128,2014-10-20,13429.729999999998,2356.73
1129,2014-10-21,10085.27,2339.66
1130,2014-10-22,6683.1,2326.55
1131,2014-10-23,8384.0,2302.42
1132,2014-10-24,1751.93,2302.28
1133,2014-10-27,3104.33,2290.44
1134,2014-10-28,8882.62,2337.87
1135,2014-10-29,7562.56,2373.03
1136,2014-10-30,8033.989999999999,2391.076
1137,2014-10-31,3062.29,2420.18
1138,2014-11-03,4785.8099999999995,2430.03
1139,2014-11-04,11816.18,2430.68
1140,2014-11-05,13973.249999999998,2419.254
1141,2014-11-06,8738.0,2425.86
1142,2014-11-07,9203.039999999999,2418.17
1143,2014-11-10,13629.709999999997,2473.67
1144,2014-11-11,3408.4199999999996,2469.67
1145,2014-11-12,5643.130000000001,2494.48
1146,2014-11-13,6340.2,2485.61
1147,2014-11-14,6327.12,2478.82
1148,2014-11-17,7027.969999999999,2474.01
1149,2014-11-18,3843.6899999999996,2456.37
1150,2014-11-19,3059.14,2450.99
1151,2014-11-20,8205.01,2452.66
1152,2014-11-21,8979.91,2486.79
1153,2014-11-24,8003.4400000000005,2532.88
1154,2014-11-25,16225.900000000001,2567.6
1155,2014-11-26,8390.349999999999,2604.35
1156,2014-11-27,6929.6900000000005,2630.49
1157,2014-11-28,13120.71,2682.84
1158,2014-12-01,6230.7699999999995,2680.16
1159,2014-12-02,7264.84,2763.55
1160,2014-12-03,21806.04,2779.53
1161,2014-12-04,6324.3099999999995,2899.46
1162,2014-12-05,13194.0,2937.65
1163,2014-12-08,4860.67,3020.26
1164,2014-12-09,3351.79,2856.27
1165,2014-12-10,8283.43,2940.01
1166,2014-12-11,5225.07,2925.74
1167,2014-12-12,7020.39,2938.17
1168,2014-12-15,28858.780000000002,2953.42
1169,2014-12-16,11945.300000000001,3021.52
1170,2014-12-17,8873.590000000002,3061.02
1171,2014-12-18,13329.7,3057.52
1172,2014-12-19,17081.489999999998,3108.6
1173,2014-12-22,11104.359999999999,3127.45
1174,2014-12-23,14373.34,3032.61
1175,2014-12-24,13238.36,2972.53
1176,2014-12-25,9899.74,3072.54
1177,2014-12-26,11279.85,3157.6
1178,2014-12-29,7612.889999999999,3168.02
1179,2014-12-30,17273.389999999996,3165.82
1180,2014-12-31,8828.769999999999,3234.68
1181,2015-01-05,6964.539999999999,3350.52
1182,2015-01-06,5140.02,3351.45
1183,2015-01-07,4599.96,3373.95
1184,2015-01-08,4896.04,3293.46
1185,2015-01-09,4657.74,3285.41
1186,2015-01-12,9650.890000000001,3229.32
1187,2015-01-13,15439.470000000001,3235.3
1188,2015-01-14,6132.38,3222.44
1189,2015-01-15,4789.650000000001,3336.455
1190,2015-01-16,7576.66,3376.495
1191,2015-01-19,3432.0499999999997,3116.3509999999997
1192,2015-01-20,8262.87,3173.052
1193,2015-01-21,11178.25,3323.611
1194,2015-01-22,9686.960000000001,3343.344
1195,2015-01-23,8713.439999999999,3351.764
1196,2015-01-26,17631.170000000006,3383.1820000000002
1197,2015-01-27,12488.63,3352.96
1198,2015-01-28,9416.79,3305.738
1199,2015-01-29,18066.120000000003,3262.305
1200,2015-01-30,9583.080000000002,3210.363
1201,2015-02-02,6072.01,3128.3
1202,2015-02-03,7191.51,3204.907
1203,2015-02-04,15026.08,3174.1259999999997
1204,2015-02-05,13463.880000000001,3136.531
1205,2015-02-06,4715.28,3075.907
1206,2015-02-09,16973.89,3095.1240000000003
1207,2015-02-10,5834.5599999999995,3141.593
1208,2015-02-11,15058.869999999999,3157.704
1209,2015-02-12,25546.670000000002,3173.4159999999997
1210,2015-02-13,11832.74,3203.827
1211,2015-02-16,5965.09,3222.363
1212,2015-02-17,2771.0,3246.906
1213,2015-02-25,4315.46,3228.843
1214,2015-02-26,5892.419999999999,3298.3590000000004
1215,2015-02-27,8459.34,3310.303
1216,2015-03-02,14759.99,3336.285
1217,2015-03-03,9313.4,3263.052
1218,2015-03-04,8738.18,3279.533
1219,2015-03-05,6754.18,3248.4759999999997
1220,2015-03-06,4987.38,3241.187
1221,2015-03-09,9448.869999999999,3302.408
1222,2015-03-10,11332.86,3286.0679999999998
1223,2015-03-11,20063.57,3290.9
1224,2015-03-12,15142.83,3349.323
1225,2015-03-13,15167.93,3372.9109999999996
1226,2015-03-16,29798.729999999996,3449.305
1227,2015-03-17,32563.820000000003,3502.847
1228,2015-03-18,14411.519999999999,3577.301
1229,2015-03-19,13181.52,3582.2709999999997
1230,2015-03-20,24556.31,3617.3179999999998
1231,2015-03-23,25290.530000000002,3687.728
1232,2015-03-24,20015.400000000005,3691.41
1233,2015-03-25,32297.950000000004,3660.7270000000003
1234,2015-03-26,21823.42,3682.095
1235,2015-03-27,20908.530000000002,3691.0959999999995
1236,2015-03-30,6515.32,3786.5679999999998
1237,2015-03-31,11913.8,3747.8990000000003
1238,2015-04-01,8987.05,3810.2940000000003
1239,2015-04-02,4551.48,3825.784
1240,2015-04-03,15455.76,3863.929
1241,2015-04-07,5989.57,3961.3779999999997
1242,2015-04-08,3122.84,3994.8109999999997
1243,2015-04-09,8200.230000000001,3957.534
1244,2015-04-13,4923.91,4121.715
1245,2015-04-14,13052.24,4135.565
1246,2015-04-15,7475.969999999999,4084.163
1247,2015-04-16,142029.52,4194.823
1248,2015-04-17,12384.73,4287.295999999999
1249,2015-04-20,6637.62,4217.077
1250,2015-04-21,7927.639999999999,4293.623
1251,2015-04-22,9355.78,4398.494000000001
1252,2015-04-23,15236.279999999999,4414.508
1253,2015-04-24,8425.33,4393.686
1254,2015-04-27,11647.929999999997,4527.396
1255,2015-04-28,2983.23,4476.215
1256,2015-04-29,12846.220000000001,4476.62
1257,2015-04-30,17724.390000000003,4441.655
1258,2015-05-04,21734.03,4480.464
1259,2015-05-05,14578.070000000002,4298.706
1260,2015-05-06,11955.899999999998,4229.266
1261,2015-05-07,24348.02,4112.214
1262,2015-05-08,8085.099999999999,4205.917
1263,2015-05-11,14428.810000000001,4333.584
1264,2015-05-12,33844.47,4401.219
1265,2015-05-13,16051.680000000002,4375.76
1266,2015-05-14,10691.47,4378.311
1267,2015-05-15,17921.3,4308.691
1268,2015-05-18,13400.800000000001,4283.491
1269,2015-05-19,7656.200000000001,4417.552
1270,2015-05-20,9570.630000000001,4446.288
1271,2015-05-21,18514.82,4529.4220000000005
1272,2015-05-22,25054.69,4657.596
1273,2015-05-25,13801.7,4813.798
1274,2015-05-26,20660.799999999996,4910.897
1275,2015-05-27,20620.129999999997,4941.714
1276,2015-05-28,4160.84,4620.266
1277,2015-05-29,8871.66,4611.744000000001
1278,2015-06-01,14467.18,4828.738
1279,2015-06-02,16326.85,4910.527
1280,2015-06-03,17378.789999999997,4909.978
1281,2015-06-04,13121.709999999997,4947.102
1282,2015-06-05,21154.129999999997,5023.096
1283,2015-06-08,17643.09,5131.880999999999
1284,2015-06-09,11674.439999999999,5113.534000000001
1285,2015-06-10,18026.839999999997,5106.036
1286,2015-06-11,18329.78,5121.593
1287,2015-06-12,15586.86,5166.35
1288,2015-06-15,13159.61,5062.9929999999995
1289,2015-06-16,8648.55,4887.432
1290,2015-06-17,16068.57,4967.898
1291,2015-06-18,9047.65,4785.356
1292,2015-06-19,6273.62,4478.3640000000005
1293,2015-06-23,13947.970000000001,4576.492
1294,2015-06-24,11150.889999999998,4690.15
1295,2015-06-25,10865.18,4527.779
1296,2015-06-26,1095.1499999999999,4192.873
1297,2015-06-29,3077.41,4053.03
1298,2015-06-30,7106.06,4277.222
1299,2015-07-01,4156.549999999999,4053.7
1300,2015-07-02,11401.839999999993,3912.7670000000003
1301,2015-07-03,6304.05,3686.915
1302,2015-07-06,2814.6199999999994,3775.9120000000003
1303,2015-07-07,4194.370000000001,3727.125
1304,2015-07-08,7858.719999999999,3507.192
1305,2015-07-09,1306.67,3709.33
1306,2015-07-10,941.46,3877.803
1307,2015-07-14,1944.9199999999998,3924.487
1308,2015-07-15,1604.06,3805.703
1309,2015-07-16,2041.52,3823.176
1310,2015-07-17,3692.63,3957.3520000000003
1311,2015-07-20,1264.22,3992.11
1312,2015-07-21,1677.3600000000001,4017.675
1313,2015-07-22,1493.96,4026.045
1314,2015-07-23,1250.8899999999999,4123.923
1315,2015-07-24,1072.69,4070.908
1316,2015-07-27,20.0,3725.558
1317,2015-07-28,1208.1499999999999,3663.002
1318,2015-07-29,1368.12,3789.1679999999997
1319,2015-07-30,432.49,3705.7659999999996
1320,2015-07-31,1849.51,3663.7259999999997
1321,2015-08-03,270.0,3622.905
1322,2015-08-04,4143.7300000000005,3756.545
1323,2015-08-05,2609.31,3694.573
1324,2015-08-06,1825.79,3661.539
1325,2015-08-07,612.61,3744.205
1326,2015-08-10,2131.0299999999997,3928.415
1327,2015-08-11,3961.6499999999996,3927.908
1328,2015-08-12,6163.44,3886.32
1329,2015-08-13,1430.8400000000001,3954.5559999999996
1330,2015-08-14,3544.25,3965.335
1331,2015-08-17,6030.63,3993.6679999999997
1332,2015-08-18,1838.5100000000002,3748.164
1333,2015-08-19,2020.05,3794.1090000000004
1334,2015-08-20,3820.5699999999997,3664.2909999999997
1335,2015-08-21,1034.53,3507.744
1336,2015-08-24,116.0,3209.905
1337,2015-08-25,696.06,2964.967
1338,2015-08-26,292.0,2927.288
1339,2015-08-27,2132.57,3083.591
1340,2015-08-28,1731.77,3232.35
1341,2015-08-31,37.5,3205.986
1342,2015-09-01,3158.1900000000005,3166.6240000000003
1343,2015-09-02,1205.45,3160.167
1344,2015-09-07,4021.0,3080.42
1345,2015-09-08,825.2099999999999,3170.452
1346,2015-09-09,495.36,3243.0890000000004
1347,2015-09-10,2636.2799999999997,3197.893
1348,2015-09-11,368.45,3200.2340000000004
1349,2015-09-14,199.74,3114.798
1350,2015-09-15,2287.0,3005.172
1351,2015-09-16,711.2,3152.263
1352,2015-09-17,2581.0,3086.0609999999997
1353,2015-09-18,784.5500000000001,3097.917
1354,2015-09-21,876.9499999999999,3156.54
1355,2015-09-22,489.0,3185.619
1356,2015-09-23,1638.6,3115.888
1357,2015-09-24,2299.1099999999997,3142.687
1358,2015-09-25,409.28,3092.347
1359,2015-09-28,1307.66,3100.756
1360,2015-09-29,2838.8199999999997,3038.137
1361,2015-09-30,2451.72,3052.781
1362,2015-10-08,3284.5,3143.357
1363,2015-10-09,3492.3399999999997,3183.152
1364,2015-10-12,2185.9,3287.6620000000003
1365,2015-10-13,3069.45,3293.23
1366,2015-10-14,23271.55,3262.441
1367,2015-10-15,2508.9700000000003,3338.073
1368,2015-10-16,2100.7,3391.3520000000003
1369,2015-10-19,4644.6,3386.7
1370,2015-10-20,15569.830000000002,3425.33
1371,2015-10-21,1717.37,3320.676
1372,2015-10-22,1888.22,3368.739
1373,2015-10-23,1055.71,3412.434
1374,2015-10-26,2434.08,3429.5809999999997
1375,2015-10-27,15695.56,3434.336
1376,2015-10-28,2127.46,3375.196
1377,2015-10-29,2102.88,3387.315
1378,2015-10-30,4537.19,3382.5609999999997
1379,2015-11-02,5355.219999999999,3325.085
1380,2015-11-03,9580.720000000001,3316.695
1381,2015-11-04,15492.83,3459.64
1382,2015-11-05,13501.830000000002,3522.8190000000004
1383,2015-11-06,4934.5599999999995,3590.032
1384,2015-11-09,3512.1,3646.881
1385,2015-11-10,1212.24,3640.485
1386,2015-11-11,4983.969999999999,3650.2490000000003
1387,2015-11-12,2983.2400000000002,3632.902
1388,2015-11-13,5054.240000000001,3580.8390000000004
1389,2015-11-16,4361.34,3606.9570000000003
1390,2015-11-17,18089.079999999998,3604.795
1391,2015-11-18,2153.6499999999996,3568.468
1392,2015-11-19,5546.900000000001,3617.062
1393,2015-11-20,1990.68,3630.5
