,tradeDate,专业技术服务业,专用设备制造业,互联网和相关服务,仓储业,仪器仪表制造业,住宿业,保险业,公共设施管理业,其他制造业,其他金融业,农、林、牧、渔服务业,农业,农副食品加工业,化学原料和化学制品制造业,化学纤维制造业,医药制造业,卫生,印刷和记录媒介复制业,商务服务业,土木工程建筑业,家具制造业,广播、电视、电影和影视录音制作业,废弃资源综合利用业,建筑装饰和其他建筑业,开采辅助活动,房地产业,房屋建筑业,批发业,教育,文化艺术业,文教、工美、体育和娱乐用品制造业,新闻和出版业,有色金属冶炼和压延加工业,有色金属矿采选业,木材加工和木、竹、藤、棕、草制品业,林业,橡胶和塑料制品业,水上运输业,水的生产和供应业,汽车制造业,渔业,煤炭开采和洗选业,燃气生产和供应业,生态保护和环境治理业,电信、广播电视和卫星传输服务,电力、热力生产和供应业,电气机械和器材制造业,畜牧业,皮革、毛皮、羽毛及其制品和制鞋业,石油加工、炼焦和核燃料加工业,石油和天然气开采业,研究和试验发展,租赁业,纺织业,纺织服装、服饰业,综合,航空运输业,装卸搬运和运输代理业,计算机、通信和其他电子设备制造业,货币金融服务,资本市场服务,软件和信息技术服务业,通用设备制造业,造纸和纸制品业,道路运输业,酒、饮料和精制茶制造业,金属制品业,铁路、船舶、航空航天和其他运输设备制造业,铁路运输业,零售业,非金属矿物制品业,食品制造业,餐饮业,黑色金属冶炼和压延加工业,黑色金属矿采选业
0,2015-10-13,-129701026.862,-620307098.353,-766455075.558,328850132.257,-34292842.931,14862077.717,-432711721.157,228175886.844,422828495.703,293320644.32,-11623260.347,67216446.063,-99968019.471,206527016.775,74879287.757,-1401545081.44,,36188199.15,-276373083.168,-638178594.908,-3633683.458,-108477493.958,27971115.66,1681729.791,-112566344.737,-287442217.436,40529822.86,87678366.631,,-86583824.11,328977994.977,-208724287.453,-521021316.045,-887671274.978,-48453004.68,205008854.247,-161707401.615,1000164001.01,-111975858.351,-487665150.613,-15869899.376,-459620193.618,138102697.222,6586316.865,-225623719.722,-1053446505.58,1585138954.03,-83180424.987,-52925420.368,-104188120.209,-272064329.07,-1932719.978,-35167533.3,188319962.304,54601540.494,-24060098.479,458461040.55,11562321.64,726915802.55,-862637550.583,-1878393720.6,2298323491.35,1163286039.62,42743065.651,797612677.949,-104176946.282,121934859.25,286716034.838,-88563618.097,1524269641.9,866487929.015,51439504.727,-50767568.654,-452489874.243,59116307.167
1,2015-10-14,-86783486.471,-4913601472.34,-1134390707.78,183666601.459,-415889160.769,-18475764.879,-504479832.756,-432295253.583,-142822046.93,-428995103.997,-17769837.472,-1171285435.55,-779124533.521,-2085079811.6,-257702503.559,-3506934303.36,,-168953427.062,-347565789.004,-375649483.662,-411371640.748,-597435294.665,-67321103.09,-608956850.28,-216131498.367,-2634966586.81,-24914457.483,-2564892857.51,,-151832778.234,-243608559.972,-650646629.55,-28373104.784,-11584596.268,-175531122.784,-148892265.738,-1253153845.17,-552638833.918,-410170634.745,-3499550274.08,-126530165.712,166114732.458,-430176355.728,-382614613.49,-338103749.525,-2828246147.86,-3067786490.11,-287708551.496,-75961849.325,42323664.004,-78449944.13,-50818610.816,-61855489.107,-185293231.055,-1625328683.14,-440198178.013,-691217278.835,-26758320.377,-4385472466.53,-1094324167.75,-974950514.712,-5092233675.1,-1414426163.11,-310391332.711,-1474273394.56,-587445434.776,-962040211.654,-1496067203.89,-55892210.141,-2240021463.63,-1343285955.39,-1810067247.9,-87035225.207,668075655.205,-33571716.814
2,2015-10-15,385823516.102,3443140219.11,3482762103.3,264113786.863,6232776.723,83358296.349,370478233.562,283078522.982,237203872.225,327035555.928,-20514386.587,57811533.68,1754916344.22,3919872094.14,740584057.73,4106137437.64,,482883581.354,837498269.27,1552983494.38,125228750.514,303938141.132,36411008.4,495345121.833,194620841.685,4577386764.37,21097791.983,2690732652.73,,164013487.843,205513118.268,648170280.351,772439163.924,303221114.865,-20040153.6,364800304.886,1445507871.77,996453276.538,472649282.478,2340113617.77,146936920.381,1633510013.91,239330098.999,431952632.292,1239540266.29,4353038065.97,3667413959.22,99675026.767,396054720.954,439456643.575,291633567.003,-3161719036.49,14140004.64,849639291.498,1593062087.2,1178508540.49,690846364.783,-5767306.897,9931377973.04,1493109532.52,2454968979.58,8845304801.18,1884953660.32,1219185324.93,1492345404.73,516454253.257,1168273699.62,2891689309.85,134307939.659,3231679407.87,1891722271.35,262514927.132,79263410.142,546674546.743,80074520.675
3,2015-10-16,-10179517.877,-404570612.504,2533140390.91,56482550.427,-421785780.841,60783388.634,329445683.252,-66807398.321,-244907924.512,872417673.815,1651089.52,-477168925.894,308754530.749,59052283.922,-141596568.01,-1554446605.28,-62769007.966,848537988.311,-585618411.331,1057033540.43,-284145881.954,155456890.873,-13165683.479,-291879879.208,443684974.203,3677031576.34,-18448334.867,1187732116.72,,7828259.204,,244371665.991,194748145.469,-350159347.542,-129201124.431,-25071529.493,-347246333.762,567444815.535,1870999921.68,-556407675.156,-64203136.364,385596975.448,163087536.605,-35621411.748,219310579.524,-1157445531.91,-1145397716.02,-126458198.146,8966103.845,146939003.72,487237858.009,-282462994.836,113413892.52,602814786.453,-169276986.463,527467801.115,1243097197.96,4470422.299,-2679327058.66,277041902.868,1387210527.56,-519413185.314,-262105520.656,98890352.126,1223892019.82,-189188087.194,-134620550.901,1340537932.49,-61397199.063,2411347281.65,931785685.263,-280415781.842,-29001484.317,434688386.853,-136730773.378
4,2015-10-19,-371385075.107,-4701729357.06,-966397058.206,-559382972.684,179022279.465,41784419.22,117111798.348,155830463.968,-252977541.87,-338155781.726,-18309824.743,-568202359.172,-786752070.816,-3306113802.01,-145282538.713,-3619553677.97,,-170235102.512,-630384046.442,-1922773330.42,-8108181.136,-2116692.238,-28043948.465,151558165.958,-231421119.556,-3380064971.41,36718570.465,1011499482.29,,-50054576.773,648712016.79,139897164.358,-1006456408.1,-381377692.005,-133914998.922,98262801.644,-683920263.091,-678589041.523,601278900.907,3650349664.5,-152765133.664,-170254600.718,-710271218.199,-221252094.484,-449414897.56,-2192926609.18,-1871540067.43,-296044198.891,-87172339.793,-217180679.112,-294408929.057,-166895689.276,-96314138.563,1090862134.3,254635126.883,-229721393.716,-91340444.216,4981288.133,-2933764634.71,-929260917.037,2411438100.46,-5601368597.8,-2802410700.34,-490088686.341,-1974294808.73,-349928797.272,171212405.387,-3148076160.54,-260113031.881,-2641263113.02,-3709379718.09,-371755560.759,504481565.427,-736770333.222,16315390.109
5,2015-10-20,88274596.575,2733942823.58,1973091742.26,384873274.579,474810592.358,-27451901.432,-604315687.15,-339536477.141,-51780709.547,24923191.627,15080025.637,103434041.852,347665836.788,1123502496.29,-214892999.159,502649623.523,,-29492949.374,2046209243.78,992446984.632,141437073.228,550542671.733,-22149621.71,12857927.068,-104101583.52,-1526616571.49,2557586.181,-437498281.793,,22263051.721,93838087.612,-136722584.357,-549011772.142,-380376247.487,-244645056.621,-2459149.874,-347165472.653,-104092855.326,-634559525.206,-1694033434.8,43784104.454,-303334556.282,121554026.342,-231679610.555,52567244.559,2562652147.96,500124926.583,31434870.5,81309536.561,-36234369.8,12414811.707,69216993.129,50051257.08,-33939408.861,-169596448.22,285474632.312,70668514.1,-17266437.147,5971189080.89,-1144584238.42,-95789545.474,9122178704.16,1181412531.85,561345648.893,1106539118.46,112020684.53,345741104.322,1265329704.44,-68142990.087,5936300536.21,-1597495738.42,-867816783.677,-2143333.225,-11027587.221,-109391799.988
6,2015-10-21,-459670801.352,-10155939208.6,-4455657555.87,-920106691.364,-1466784635.3,-110580048.518,750850012.981,-663525857.549,47733479.782,-706759365.256,-60456431.415,-1657680359.44,-1234913490.86,-10394825765.4,-1784177226.93,-4171552446.97,,-654136217.91,-2203484974.9,-1013978302.37,-765209064.362,-1655122774.53,-111959860.114,-895956821.839,167644749.586,-7116904075.91,-94521175.109,-2985863919.62,,-168419917.19,87649743.733,-1383317281.02,-3683193127.93,-3189052582.14,441326004.734,-568682331.337,-3887935092.91,-1318866621.28,-1306042238.34,-7826363209.85,-313915239.095,-2021795292.8,-795855342.056,-979346497.108,-1150764310.67,-3658542071.66,-11884689199.0,-543573254.399,-324550033.299,-1275236319.68,145574428.373,-116673774.06,-125761808.913,-1612698673.79,-1476738493.42,-1576435650.52,-1624085075.1,-91563910.913,-20498118194.0,3753017748.25,-2869201404.93,-14035558135.5,-7623399935.87,-831299406.868,-3296554004.02,-1442934863.24,-3017984395.7,-3310348754.04,-197298198.193,-6190737462.91,-5340790158.86,-2077926253.69,-243667331.863,-1406164443.05,-457906489.514
7,2015-10-22,281561937.98,3686713682.85,2161123089.11,171793897.343,449031268.545,331013269.839,-573146482.214,-5235134.965,498875283.564,-240965899.197,-10687636.973,-58078863.319,541718550.434,2624302175.91,383457444.369,5519786934.42,,111896514.282,1022312577.89,-979671817.456,-72739081.922,-141560604.374,-8768427.517,24330021.619,213384968.608,5501166439.43,-14662215.759,2121752772.14,,903715.684,285715372.121,44330941.876,1610507732.5,-191385741.645,560770930.33,97645943.539,617169158.768,786184058.252,115233898.132,304635543.792,36500089.955,595432860.943,77431703.63,198903414.501,234009819.253,1035734887.23,2337810567.94,-52484949.963,952250.057,71457668.09,-150684067.27,322647257.151,-32788917.781,1092610586.9,1108588531.2,1320867086.47,1215029415.35,12768670.223,4974192720.94,-660966261.058,-791936675.217,5613798614.52,2439206723.25,453300147.393,1028371230.52,126577057.322,173474937.451,848452704.339,-44751298.759,4359055989.46,1438021962.79,167112559.069,50903389.811,-255101752.65,-42339893.406
8,2015-10-23,203149889.969,4102770591.73,522312180.54,177512057.495,812222128.439,4014920.034,613552742.618,299361719.218,-298417767.802,-31545193.341,25974965.917,45506678.189,-45475246.473,3769343370.03,855405391.722,5844240012.82,,87054318.173,-4350065474.18,369202465.858,-12869872.828,-263542841.422,25697457.126,151791471.299,359351766.654,6392402206.21,1270347.213,1985473757.19,,44123986.224,456650406.324,473748077.182,2405987534.04,766740821.454,283464088.376,-30440919.1,496576038.388,810412349.02,230523362.793,26007990.259,277089829.793,21222065.583,1416004227.23,629030869.266,-384659449.314,183381586.377,3650196604.89,50552313.041,165447541.24,353697084.138,-210373598.53,10967675.341,72909067.26,1204895570.12,-314163389.584,708184108.359,-396047308.318,17508302.04,5373593149.58,-1194909512.05,646395836.473,3433447887.89,2260742847.71,296516885.834,610195065.568,273305616.651,437004903.965,539135362.836,-35069482.883,1232890585.13,1806525559.42,881613687.563,118707217.028,503421164.681,60518949.941
9,2015-10-26,-89181052.993,959356908.3,-2247441381.45,-158743792.629,630125103.5,-122930695.222,349975094.969,-175314986.973,-383078392.608,-143715957.982,-2321853.553,198596540.899,-801583175.53,943959449.487,-201576554.737,-2713615368.07,,-131916539.323,-684085377.268,-689211621.737,135485631.263,-1122102300.89,3132561.74,178639604.907,-355983773.986,-4876765273.6,-54979318.973,-1784296067.61,,14513690.855,-358806918.042,-573470216.577,-307575170.327,-56100720.715,853665229.524,637674471.023,-229515962.786,1161938942.69,-668678062.059,4945840425.66,-84238596.623,-916005151.55,6293400.449,-421090804.473,-787564061.679,-2902111688.86,-475476639.376,113871312.252,45817467.358,-194763568.819,-19924514.223,-296057271.778,-60321495.58,-548596164.492,-750952118.238,-586076038.334,-984581943.2,-29527031.67,123979650.817,-494863363.66,858024952.347,-326682128.85,663781783.501,41266434.787,-1452368616.17,234451810.819,-1339200992.91,128687914.609,62092510.817,-3483114512.81,-1955428013.05,-1046848312.41,-99031799.768,-780952690.153,-20330308.915
10,2015-10-27,66964674.507,3221577789.29,4144845567.64,236918712.349,-480195701.147,-39430186.118,298600503.228,7994264.046,-318481778.833,-66552196.494,-15565165.744,-416511748.792,-739709720.146,13831542.599,306184549.834,-209546161.996,,301529812.099,-16937415.951,-1115840803.67,-89648391.229,288299296.361,-80282667.028,-118289412.254,28674794.604,-1296852257.56,-23299047.445,162883021.2,,-43298657.532,-203306921.656,57739327.083,6107819105.77,-52609160.723,-514682905.057,39621824.432,-500069522.808,-633515542.496,-242192805.358,-68687525.629,-110170619.197,-614690302.318,-37411744.486,-381246877.67,-191767366.232,-1029863338.53,-2077516413.3,40238484.012,311688037.836,-207154559.229,-358915727.667,-67795361.917,-45906325.491,319980101.249,472769097.958,354356754.716,-372024935.353,71511507.12,3273785832.66,-803321680.153,-1725397009.59,1089871222.45,-1419591770.44,-523470885.674,854812539.161,-533111482.252,-235838654.13,5959270085.07,69062878.683,-117768838.616,-184687258.423,-594578930.379,-86129971.595,-134936617.611,-118147656.925
11,2015-10-28,187363780.704,-4057282076.4,-3880746249.59,-770063215.608,-872332219.408,131731753.501,-612199447.283,-284416839.213,-665647023.819,-392831732.222,-25730090.187,-428313900.626,-712241976.154,-5012367302.66,-592420199.474,-6744371372.06,,-291179843.652,-1725403996.78,-1702857889.06,-99475677.858,-1492463300.78,-162611525.119,-697221705.732,-264283017.956,-6387509719.5,395131.727,-2037919318.88,,-30686181.58,10551485.79,-954233728.285,-574403010.874,-386844694.565,-414249072.686,-292819209.181,-1061508288.18,-908030605.348,910015884.468,-336883896.208,-275657592.149,-1017000151.82,-176195772.336,-581083775.308,-616234592.526,-2581141028.98,-4629134848.52,-151548682.956,-45015704.271,-210149444.463,-50708102.51,-66713144.528,-97453725.28,-1252331892.28,-1297549543.53,-2185532653.61,-700546028.122,-81155347.053,-7750218408.68,-496762427.686,-3479813163.06,-6035792198.09,-791149233.839,-323718498.67,-1750800683.17,-455882684.078,-731183182.675,-4804492411.62,-262194765.157,-4853479603.73,-2115460379.98,-1408284496.53,-196200704.077,433348081.925,-17722089.486
12,2015-10-29,11410442.538,578967399.758,51012660.239,-14425207.574,-237207926.733,59127570.484,-252021095.964,162821223.729,-14652165.898,164653602.188,10294908.999,213317606.872,854626129.225,2022131681.1,60850507.688,-399511284.604,,-113392863.661,726907855.694,278893686.73,-57644859.943,-350235531.503,15368431.88,-32392040.197,-72902947.612,1839880515.72,-1105804.33,455722457.077,,-24929083.514,37824809.938,94896035.874,-787356328.585,-478443028.115,1008648097.08,96516514.823,474568434.038,272528274.058,-242485160.465,908761703.717,77442557.858,230242449.58,588824814.789,108422289.145,-83635953.886,757961424.627,471723788.823,-38674894.441,7919532.078,-133227176.052,-164291711.36,-126986275.676,10848014.536,130323389.671,428112688.834,1141828815.76,-166314844.25,-17609154.68,3802653399.86,-960947801.91,-872950847.112,2567528898.08,-1333585862.72,12126014.128,314486672.806,5820979.492,-60136856.778,74779038.214,149353128.177,2058474028.38,317361151.767,176238020.014,-6180643.986,-559182117.655,435771636.519
13,2015-10-30,283608326.675,-1389917493.38,-92682421.071,-137635077.566,-123051447.403,-92814914.096,69467486.797,-311452631.791,-326686341.225,131810507.069,11572446.63,-194453992.17,-387900105.228,-1170660006.71,445284855.602,-2270508692.0,,-134509632.301,-341712168.551,-871415875.111,-234081323.268,322053961.292,92229453.838,401165928.492,287619259.316,-421310011.03,19200039.842,-181614349.984,5438657.51,-7912500.546,342228737.494,640525447.884,-1026798584.9,-585690582.138,-404857897.003,-226025639.97,100614971.896,203144092.495,-90323278.962,-700749391.068,7529762.532,-635290552.536,-84130294.945,-193430501.304,91419660.836,-1768666985.98,1485170039.56,379023991.649,-50360247.505,-45083313.418,-191136505.882,2319260.183,7103205.859,244926176.679,-17545205.308,-703967038.731,-162732789.008,-8675707.353,412517248.441,689674120.291,4517261023.2,5361613361.77,-1586247415.72,53512370.735,-264922864.651,298858283.669,552849989.439,-1278109013.86,-314142901.123,-583146625.46,-399031957.333,1807136634.95,-12188324.026,-547004017.325,-78699435.932
14,2015-11-02,-165732543.985,-3474941918.28,-1544289737.76,-48227151.786,-303846693.449,259452957.722,-482092771.668,-115465944.942,-956689880.316,-314306753.859,15174155.737,187922186.847,-574127082.189,-3523286484.51,602865371.148,-3528916523.11,-66123602.003,-317897208.09,-392304181.576,-742563598.522,-100560173.891,-63734935.827,-48945557.516,-507406434.932,-375143701.941,-4759799761.47,-17578391.761,-736010348.202,69995058.12,-23384916.026,-396199487.17,-593134450.352,-1541684621.14,-872465868.699,-346331588.704,-220495524.439,-1043307064.63,-1194660432.75,-342500812.427,-2603510528.54,-131319153.576,-489788200.326,-526377405.355,-315894357.984,-264889759.304,-2411523278.16,-4506144529.81,585389483.697,-120617717.884,-310351736.889,-401295669.553,-67803426.688,10399440.743,-555502578.304,-780011820.841,-1148488131.86,-376579931.855,-18357114.26,-8844800391.51,-1675732909.46,-3126193363.05,-5896633493.82,-2309182613.92,-45372416.996,-474874508.079,-664936411.281,-61430362.148,-2749340028.38,-138289659.166,-1906625867.9,-2474811611.81,-1047734822.07,-114494092.835,-1152074668.44,-140813401.314
15,2015-11-03,32785006.687,-1041946209.4,-57874285.096,-15940760.671,-122110611.788,-179499296.745,-55240139.317,-81497314.219,-235866969.321,-128172318.054,5458947.264,335805152.183,366429962.712,-2209899817.99,-411625368.637,-3058015274.32,-45357572.295,-37338031.883,-354296470.53,-769431183.09,251138586.492,58004199.042,-25396356.588,-131924439.798,-348503151.272,-2137707436.12,-25335897.9,-1390239710.36,271567482.975,-116837538.233,336548112.494,-387293480.137,60843771.421,-238443098.858,-466935466.113,12957174.47,-243083654.935,-532121074.267,-351547601.399,-155155667.178,37435354.934,-362196398.192,205177472.375,-194229668.788,-95904850.742,-1938075275.97,-3251272655.21,937615009.586,26748722.921,-133748642.828,-190438245.47,-155189593.219,-3302132.977,-30783898.904,-258911484.356,349041604.129,-294406705.032,-14867563.22,-4385139835.74,-1330714658.38,-165414551.173,-2972885307.66,-1048320086.91,-60968080.999,-429409693.762,-395641867.152,-447527237.144,-1249636982.43,-168780788.453,-2352398296.16,-674884751.778,-953605301.523,-50025925.242,-508137185.848,-100897138.408
16,2015-11-04,528711850.898,8812930506.3,5953409459.73,638242418.88,1068821582.62,556801316.458,4003719735.23,468189943.245,612245622.706,2502945374.42,13137018.38,379735073.824,1200861368.61,4212767552.3,1080382264.19,7873983153.35,148898429.367,234848777.58,1624293065.72,3652692265.14,209073107.714,917321991.897,159298006.216,1066529466.03,307250081.351,8913570360.25,19783195.338,2587248900.99,-57686947.521,803726676.611,377146575.524,705381939.094,3626535719.34,990783781.56,42367479.601,388142939.808,2441606863.93,1061565493.13,957657252.252,4367834166.89,337196007.391,1247707189.33,265383190.463,701874431.78,1173142973.22,3940376238.55,8091855539.29,468333848.581,229789110.285,418883243.982,718954210.677,144171293.618,13690763.097,1234871975.54,1416499092.44,2303220123.95,1426507995.52,42669091.932,13696167262.1,4319859469.12,22069187777.9,16208307930.0,4708431859.86,1146340222.33,2370132552.67,1221283579.29,1700028591.29,3208417182.12,257506229.7,6012207407.97,2861408745.35,932914686.366,108962719.965,1320686285.14,845585622.141
17,2015-11-05,-129369400.957,-1648050479.1,-2194979405.09,12877941.71,-768626821.823,11260433.163,-663316258.814,-106514284.853,-369788762.832,-605679260.529,-25016813.343,-365102811.967,-1236140807.25,-5346350309.56,-368946458.012,-5443090345.69,-133682681.521,-183700776.352,-785396059.455,9874180686.66,100357434.285,-373797246.249,-162922876.938,-308221851.592,63412178.432,-1613163166.38,5120531.548,553720652.727,170155065.712,806843636.094,-370900509.218,-702528282.594,126095596.245,15025803.569,-326651918.542,206481846.195,-1903572668.76,-125510384.432,-506258493.417,-290865120.839,-217628917.054,589606999.601,-101953734.463,-349699625.276,1052839057.39,2109167231.99,-4119781840.17,-554733774.969,-64523761.321,107026803.691,720683649.597,-129322438.953,-10222129.384,-123437530.344,-407221340.113,-99837804.165,2173002801.89,4110607.703,-6197627345.06,3427627759.95,31830278516.4,-6525514658.63,-2928776311.18,-591923297.261,-194626279.088,-110100240.678,-480383362.579,5179889188.68,94022670.881,-2112334519.03,-803380692.745,-981293869.116,-27193649.179,1882932542.19,185843503.216
18,2015-11-06,524042914.42,3679301013.18,5405538879.52,201440871.408,829008642.124,-17295790.458,1097424131.52,67416134.906,281356955.303,689761457.636,-7940391.923,72606361.136,328950734.834,3457626184.91,776160192.581,1896269360.64,104586416.917,105804288.151,940732839.192,825298181.746,376212396.595,1312354276.19,16308029.992,391135285.814,-21368745.606,1417384412.53,93964854.843,1995690433.54,14463250.632,363709750.569,177093691.527,618744818.729,1756047272.94,1274855833.21,83843926.004,598070003.67,594296939.726,1187181315.19,488888535.327,2102901527.18,70026238.408,398174427.008,412070895.573,643797274.598,638309260.926,546474552.448,3608146514.06,-542222980.803,123898794.018,78214394.129,4784814.373,84517621.434,12467927.439,362616431.01,418676237.764,447809480.845,138505792.559,27568273.823,13075090193.7,-253216505.906,28751126347.2,10444713073.5,2327932416.47,568292885.457,758228650.975,225802494.977,1165681633.98,497411704.851,-12263111.383,2196189905.34,1215174097.48,168165144.162,100043037.55,763317558.71,201956707.976
19,2015-11-09,390747058.796,1121449201.81,1706936065.04,-227371226.828,636954136.986,51226367.01,-964736517.05,249825452.811,-118485239.498,-569478500.024,-16979256.823,-122041385.604,1446293064.6,3671990832.94,799531834.78,227944365.157,91964925.369,137382723.004,-556403999.132,-1228852191.17,173669197.731,339140066.119,19340555.764,-29028732.487,-38603863.256,1917710201.27,-28918569.694,-164199266.443,-32655330.53,279919238.263,-138305213.911,482464317.849,-820183521.024,-782782138.93,99839274.918,-341811085.223,1329415970.19,499149387.615,-470680084.576,499190106.713,-123327727.932,427721271.311,1759209504.55,-224951567.926,-411437692.532,813386664.885,2334037126.02,-519154891.022,48620832.755,-158701899.603,187988481.78,88315754.62,27196878.369,298177887.329,291146172.397,-569848134.712,-369736342.303,-35113721.84,3958596888.43,6547645058.22,-9160857987.94,3944435702.71,1426614257.48,2040411.28,-339792945.925,-860211230.59,385481617.961,366057855.712,93744236.894,-2414917454.37,392118570.684,216161448.34,-16351240.635,-40402205.481,446382590.916
20,2015-11-10,-539996483.084,-2217864434.0,-861231621.804,-370068499.001,-223142232.387,-116947512.868,-364562032.411,-186574384.15,189415348.96,-201765616.282,-25469892.79,-331062297.024,-954742372.402,-2192447495.02,852958725.918,-3358789194.04,-69990846.733,-40125945.696,-1220766694.1,-1379144225.71,-97263446.054,1839932998.02,-12558739.242,-212170404.656,-116646529.45,-2796745505.91,-36757826.279,-228816226.979,-30882336.066,85784371.138,869404490.551,1411197024.24,4326703290.54,2401973108.04,80557163.17,-15355734.052,643567213.363,-1227404224.58,-180304697.641,-1546504903.37,-18813272.32,-83003332.724,-919316909.04,-305617906.431,164683014.305,-2971797345.69,115417426.593,-187576787.755,229120725.591,448933567.145,-49576336.483,-66111401.248,118927772.195,-125663383.93,572136849.111,331153581.324,-1604343666.37,-41919629.027,-2263274380.23,-3174768145.82,7441790144.26,-2142382225.72,-1481663527.88,-544381556.474,-951136478.811,-236164134.062,-145242990.564,-786776815.975,-314380241.317,-2036223077.25,-864490735.532,-514791545.386,17733377.049,356542119.278,707416377.784
21,2015-11-11,203001432.744,3111123440.31,329498540.253,-53423723.649,836008871.789,-77393731.695,-914732312.151,134283230.73,546911100.284,-626095103.525,10393989.149,21839096.337,-202466406.413,737008939.615,364890130.454,1874328640.14,69162131.532,143761380.611,-489472007.178,-1386168646.26,-64353139.907,-495782169.454,62105800.334,-269204264.673,154880462.376,716916585.701,6122984.845,144810578.494,34379756.562,224719080.318,315318716.581,1346145960.34,-2214503093.07,-2283805307.85,1121873966.71,-175904368.175,25970669.566,63139011.829,-331414609.758,-207443778.708,121329664.507,-652757126.263,-426650703.573,-175630483.751,3746601.392,131046333.021,2332457653.44,-337226772.022,96262636.042,123083700.627,-328158147.737,261502509.527,140193689.453,260355328.005,417991792.589,260797652.566,-921785060.466,3456554.003,8257494147.1,-4151109471.71,-1619968591.91,6672137258.8,3178142160.37,529744790.838,-606230196.091,-136159601.883,107736815.601,-1610089650.95,-173335042.25,-2190325228.3,861019425.463,-215289056.079,14210417.162,311891753.615,124730187.478
22,2015-11-12,193204389.647,-2676473724.72,-3184896979.39,-306118802.045,-190956498.339,-220998826.089,-1437607583.0,33826125.269,497949835.016,-629561003.224,-19510777.487,-199005226.531,-955027808.079,-900048250.983,-652613285.508,-2109363758.63,202552371.545,-201950592.183,-693307570.776,-3607086313.38,1310363535.95,504272236.651,78423650.55,-182459689.957,500472997.392,-4510283242.32,-48364869.89,-1638857775.01,-71301482.852,188996658.806,-410262390.505,-194207319.66,2736464986.84,-349601177.986,-523024630.533,-163949859.846,-331237387.64,-849524796.8,-594894879.655,1535787881.68,-124240873.874,-563559722.328,-497865418.829,-264368978.967,-61851461.011,-662821292.676,4882851059.1,553307357.054,-68835410.361,-146718736.301,-499790011.35,-149061365.735,-123776777.814,-1000497369.63,675737790.027,2268173.603,-358469711.723,-30782132.753,-2630515674.93,-2938061259.27,-9170161823.19,-8371924257.13,-2143381246.95,-899833430.118,-1297535896.13,-694009656.737,-442744137.532,1172888201.67,-505095397.137,-4029447507.97,-1264046799.85,-928080130.089,-53766256.665,-941783410.65,443592005.097
23,2015-11-13,-630251691.581,-6436330078.79,-2502705594.8,-309607294.882,-1341521512.61,636990921.712,-525453254.418,-462638648.955,-386720488.261,-189999776.728,-13059810.48,-605797937.576,-882987899.969,-3388237640.07,-401596660.365,-6096308326.21,-270569882.946,-17880297.114,572597876.623,-2111324295.62,-874352745.04,-611223852.046,-123138020.32,-786648680.403,128909080.03,-3490576174.55,30853515.946,-728229174.609,-22564025.215,-246194448.302,-419941400.6,-988775596.84,-3987561007.79,-948054085.632,-342440262.286,-23989566.158,-1680147979.72,-104349196.251,-188168733.406,3071109463.68,-290661407.511,-1166845850.85,663346173.362,-483659349.404,-1855581396.34,-1436997769.26,-2629355824.42,-581579040.542,-283664374.983,-417284297.966,-400360662.133,23645756.775,-98954187.48,-692463045.407,-1440775313.07,1390041156.99,-532528450.262,-44196125.48,-11392913039.0,-1804164010.45,4975215292.14,-9702861716.17,-3200215638.98,-605448579.365,804296784.765,-506915817.449,-1585649344.01,-4483608189.41,-182694198.643,-2232264160.42,-2343856746.17,-1609776936.16,-50153938.033,-1605721255.99,295720588.113
24,2015-11-16,458561841.545,5307755270.13,1781209602.83,63275266.544,1353949618.34,-15395392.887,-587607681.702,36050866.91,517636431.805,-265320135.687,29173189.07,-435649972.479,452585272.843,1132237572.72,959581305.45,1874393422.51,34453151.167,24971932.226,-136869632.063,560331860.083,665301304.831,374725016.925,-26454211.126,480486580.027,-22374624.066,2655261121.64,68225755.061,571240546.896,42455598.86,731051320.395,510621234.841,393206043.559,425342907.19,705353653.262,104215629.692,81213756.169,861524995.541,147951243.851,181817952.678,-123794424.54,33766477.283,-140013528.068,-241932845.911,101781012.048,28068218.692,-2768034680.13,4366555602.96,-141847637.172,205349605.215,225638794.917,81059440.153,-25456768.56,-16046278.522,337301356.954,651106877.296,837703996.378,-767654219.777,15204158.607,9113206536.2,-145847057.213,-4900378681.22,6143576918.66,6150645444.81,266715411.11,-545392600.376,-73405667.073,798897507.418,348049724.773,-43645972.253,913043602.538,645068445.383,-5910730.696,11331429.476,5614773.366,-138919695.749
25,2015-11-17,-346990610.129,-3157571460.65,-3606700530.84,-240671706.284,-1257080756.4,285939950.892,-172349582.524,-310760379.648,-728829791.789,-319822722.479,-20346921.353,-11538714.546,-914972498.016,-4117913713.23,-765842200.063,-6603295716.59,-298618374.975,-16057222.341,-1979604924.91,-1541758658.28,-234440305.018,-812982644.353,-94216839.655,-812683729.637,-363983860.467,-3947559956.86,-5840532.218,-971300666.638,-48235699.551,131980399.011,-235188377.698,-5081270.194,-2826526192.43,-1685425982.52,-177072992.235,147992642.021,-749931779.154,-273363601.027,-138183151.539,-3971776388.62,35297006.829,288062582.246,-125641490.286,-355415792.655,-5390435139.87,-2265171111.2,-7766412436.78,-392527485.85,-144176618.87,-227483550.762,418277744.12,-328918454.026,-130521552.911,-857677493.687,-533833139.358,-2278864987.01,-492512254.835,-28248047.51,-12421390370.1,387562131.667,946730108.487,-13101784646.6,-5568385012.93,-404121954.005,-243411366.857,-974443131.911,-1733110033.1,1809515137.93,2019011.377,-2853463479.21,-2965494865.83,-962002710.969,-15233407.145,-694201935.046,-70078882.642
26,2015-11-18,134599038.992,-5029328150.63,-347890686.597,-215500130.923,-786683982.886,-279417049.172,-820220642.856,3127395.833,-567483517.103,-811485576.428,-13962671.72,-451071050.192,-708067176.817,-4903790216.45,-633390169.366,-5037973671.24,-113489919.105,37206962.729,-874892285.276,-1649879789.57,979198027.039,-419225476.232,-145351112.916,-47379698.294,-453228268.552,8475394789.8,13107375.124,-1335502343.56,-77620745.929,-19868649.861,-541483792.916,-315300494.445,-2005896639.74,-1069225324.7,-293197135.916,-266094213.105,-1080865587.52,-1115168997.03,-704463070.62,-3072454294.77,3630582.011,-719931104.891,-782726886.553,-911528629.062,-1811252802.59,-4031387086.82,-4975141832.23,-311688412.997,-162363455.999,-111467888.338,-26184149.24,-176920153.997,-154494204.402,-53085913.47,-800536552.842,-1733263361.63,-875989238.847,-3120224.433,-10660172088.5,1164396071.88,-11792562778.1,-6180256057.44,-3991302067.42,-671839588.845,-411008676.802,-251033063.637,-1064196316.64,-3146343859.44,-186559070.397,-2410349950.67,-2083108296.09,-451325146.884,-24930262.883,-932972586.716,59206691.219
27,2015-11-19,457053614.643,5334151486.95,2845517996.44,78723610.758,1709348993.09,-64958971.746,283480042.162,70673672.141,322252676.666,186523861.66,23173367.105,64096525.581,392374190.671,4765871355.68,417266945.573,2557237469.69,29282361.109,49694738.787,866836752.954,699641773.83,1053908633.6,1792215162.82,607521658.72,114113270.773,118207796.635,-582391875.522,-43876311.204,900634732.981,25541845.644,261716797.032,188638149.382,1738997057.96,2225799574.88,299182952.822,238608490.974,29238077.936,1514354881.6,75008585.719,120919344.413,2631966259.43,21059306.18,-43324038.037,-145919619.811,326894759.968,511518317.326,-1003176250.92,5040678437.11,309236235.511,62833908.167,4639088.811,-94683475.46,-82779763.835,6070152.818,24230105.143,964571112.55,924825416.921,-155307005.05,7845311.94,22326185747.6,1469673087.44,-9742606.177,8686470761.27,2000049999.18,-212877529.709,-223918219.374,187873425.807,1309015339.8,321951432.548,9675787.13,663295146.512,1242928194.1,107181179.33,3350505.257,236342989.439,609562333.33
28,2015-11-20,-79561502.704,186258370.264,-2092667147.13,-68087782.127,470773066.007,-255765214.973,-466863131.529,-79406812.008,1325450732.9,-208988858.828,29880774.5,-239209260.576,-24006813.856,1035100686.64,642969306.943,-138238534.875,-106319697.36,15652590.345,639824087.024,-764878443.751,671435001.695,-357320599.425,-94104618.395,47024046.094,78433536.763,2590562964.46,20832559.572,826519521.093,7190568.531,328879515.194,-251720617.242,-257708686.499,2428881200.47,1309991476.59,-39243721.85,-73857060.888,239898812.109,468223505.628,-11292883.488,179987334.896,72104854.561,-287562200.14,-253068495.214,-330751943.279,-137217290.661,-148185611.373,3570752346.55,-265215579.7,-33949235.382,169182078.19,-133478646.4,-34110001.883,-54566763.119,-338703006.294,1060703568.89,308049011.076,-244654752.386,49836853.967,8750243633.36,-402201809.819,-8595605950.6,1747339801.33,569067627.878,-132148018.593,-500690398.636,-522808209.418,1667346360.2,408393219.579,-103845851.79,-168093655.393,1447210718.24,-416269427.903,12573772.284,-635218868.051,-550006468.527
29,2015-11-23,-327863443.957,-4056435775.0,-1953801875.2,-93078884.915,-992561682.878,-73999537.162,-390730866.302,-302376272.441,-292293683.694,-206797491.483,-31826211.123,-250859359.427,10951520.061,-3716528869.63,-80606941.63,-2876246134.75,-134734015.249,-101592769.837,-185483524.66,-1505545499.42,-688180764.619,1387861063.95,-157950930.583,5842153.245,-318684724.371,-3099254094.81,29114093.769,-363136230.892,-39150596.286,-12917669.724,-102177847.14,143415019.583,-3715945656.57,788760545.371,-139123385.684,82999475.052,-394349671.357,-831085737.594,-382870486.928,-99208213.165,-91978691.683,-800824326.147,-194162790.049,-638656720.012,-125450565.133,-912518712.356,-7311104065.34,-137368857.404,-47507391.489,-189628372.06,-231734901.093,-269797201.054,-35363948.362,-330018755.908,105107977.772,-216371403.836,-957259033.989,25913248.217,-10853232464.1,-1136437589.14,-6713890586.54,-6465326678.34,-3411087146.29,-23487227.523,-1085074377.97,-538660053.25,-862024915.484,-2068168205.93,-183900216.98,-1422961899.12,-1539904289.44,-396672711.911,-25252418.328,-1284733138.0,-780329634.101
30,2015-11-24,376239430.077,316323015.215,3407857688.79,260430623.093,538340036.187,54571694.521,-518269586.926,63177826.81,77868023.832,-70147867.178,6767668.27,12535316.427,748408178.876,1787295682.05,128132768.538,-144534619.936,-26543828.687,-129598151.764,170186003.595,-1388912092.38,-129346144.087,-646617750.382,946511.904,858803747.623,-88963290.469,-453212373.397,-42857136.627,482055702.159,10971099.368,35296060.692,-56818208.717,-196102079.339,-765846685.318,-1124165738.5,289900709.911,-179117377.437,679364105.048,-331667459.403,-118184725.113,-277789586.307,20547210.549,-447803895.442,-379535231.912,214583997.353,-840338172.457,-1477538018.97,1835337049.14,1611647820.21,275383595.198,811779.566,11406470.017,29431611.716,-2321649.2,91782102.266,241580723.401,-838911042.737,-565701540.827,5723943.87,3704398314.82,-2574994048.74,4485071904.85,3187410072.91,-240053320.222,-427680667.284,-537825977.813,-211885184.852,172942123.67,-2487582339.56,-97365023.663,-520113294.471,373511943.196,60463815.289,60082520.595,-290934452.9,-81511456.759
31,2015-11-25,219069667.864,4482275645.61,3680437237.62,130548112.576,384604866.307,-361156753.649,32022192.706,73307812.635,103480013.194,136124970.541,21756739.029,273679982.467,231055369.802,2382644651.47,636375656.061,2779174340.2,287214549.268,97892853.795,483036138.116,41303060.743,118058074.126,154180291.984,-15862637.789,258512988.803,106313169.609,907192721.474,-15342593.77,1864738722.02,44994187.435,320026413.348,152455151.51,1362273799.42,415673713.788,472759941.541,-144576255.814,21604098.189,1348153607.62,-61319844.313,125741311.74,1290093360.97,188350910.534,-802170071.314,210864853.301,333294526.876,-138336120.571,138852351.909,4899411104.13,-279804601.9,418910307.415,94866519.759,-126192720.48,110013129.541,9669497.866,108780914.808,570984670.708,1377714615.27,-65008537.67,39351794.967,7383942981.64,892046883.027,-428212956.45,11372805042.1,3282659547.47,-121871561.063,-135648220.298,597545834.963,-86223913.837,-520075901.12,-148829595.827,1985956772.89,856478992.095,1552151443.72,-6149431.591,-82487727.54,13666079.721
32,2015-11-26,-577725245.195,-6950530857.87,-3120208606.18,96430941.707,-991082673.882,-119484601.959,-627863860.828,-164658201.162,608242282.225,-406820475.115,-37230991.513,63066813.082,-1123971520.22,-2482396303.7,-605457004.416,-3494032060.86,-222601457.574,-56616950.197,-204961131.656,-1204037749.08,-936279292.62,-917820431.938,50722168.142,-392275236.528,-466653795.35,750997806.895,-44501296.524,-588021665.3,35522675.848,-231340012.854,-494586618.223,-175012293.811,2852980150.25,475850804.084,22802681.721,26125404.613,685913268.484,200744223.637,-512088982.654,-769668789.802,7855054.814,232477782.516,-682576621.965,-854956725.042,-645776957.954,-2633565062.31,-4883156292.1,-338850843.627,405088038.2,-11530532.089,68504891.49,-141487837.896,162541640.429,-543657423.553,-923955500.259,-1046034324.14,-637547283.066,406281594.592,-9952748836.35,-411792265.522,-4106165328.91,-7675966229.96,-2481140193.98,24050586.432,-337990504.028,-724571928.398,-1089090741.94,-558414380.814,-278250789.78,-1302041873.09,1070419081.38,-672137863.502,-13236447.123,-243191551.267,-72955973.382
33,2015-11-27,-649994002.714,-9167986912.03,-4486564861.36,-555157039.767,-1339500145.25,-459089049.15,-1634422697.63,-460836432.682,-1056090955.71,-788970784.653,-33602259.998,-850630325.082,-1141600878.67,-9823329105.01,-1437174112.13,-9936251367.41,-226841972.315,-892153632.649,-2658596165.2,-5276856416.7,-906837237.776,-850721114.845,-86754156.345,-1447751282.45,-313068296.725,-11470641216.2,-60946273.72,-2854296828.94,-126866278.113,-496904725.063,-747867945.13,-1219313793.71,-3786072636.83,-2151696379.72,-14615922.991,-173438878.907,-2816332841.09,-1972364865.95,-1010349143.75,-5100606436.27,-408443913.423,-1858003269.94,-911854254.235,-974637858.67,-1944588527.85,-5392553169.45,-8932648896.8,-519109841.785,594899557.144,-886906150.604,-809621698.133,-184086998.206,-157474869.449,-2179588654.79,-1967980885.73,-1910158437.71,-1774706835.79,-153439041.255,-21352559308.6,-3773409467.3,-17422290140.1,-14084258969.9,-6519405220.41,-1100503604.95,-1995071277.71,-1770564689.93,-2926541712.77,-6060031954.36,-463176097.235,-5998570122.69,-3142514968.11,-1563503984.88,64173445.117,-1425510916.3,-242725861.641
34,2015-11-30,-42911603.869,-2656833190.17,918037760.817,167438620.588,-108133363.256,97285256.079,-300864729.184,-192140789.407,-66695961.332,-239013944.997,749874.6,-128861249.145,-32965208.258,1360246458.12,-530997617.393,-1579819106.06,-26257171.173,115929476.347,-2435297039.33,-370852248.743,757032645.258,512959726.419,71929371.499,-491926885.24,293570784.481,741476933.394,-9733040.048,-721461567.699,-44448533.082,46515116.428,-224037672.104,-344198457.546,-1398921431.16,-451821630.499,-195971620.839,-187682111.34,-238454934.562,-450191547.84,-80515359.753,-626614673.94,-506153896.349,-306122881.151,-296050367.604,-183382346.044,-613233802.246,317441911.832,150741275.938,754784545.399,-78517168.573,-32817941.226,-154191845.493,-242148350.466,265566974.463,175482458.964,-630989668.291,1547626738.79,-554101457.581,-209501950.65,-2612377467.51,2293092759.68,-2088418055.96,-992702645.883,-746039555.921,1243592061.07,-600020332.482,-477324695.308,-270312119.631,-2307439175.85,-73541335.712,-190826973.52,1237668533.59,-173111231.935,-81196561.639,-699020975.266,-200985997.599
35,2015-12-01,-341523343.307,-1283630912.09,-1111559052.37,-231734819.175,-258258801.706,-13273076.552,254186521.15,265995480.06,-264441018.093,-88905143.049,8748492.68,361454212.247,-892227544.525,-1647705838.6,-181102204.111,-942350994.674,45807604.615,683255222.726,17284276.817,438887798.064,-569681107.208,-947249028.217,-134458157.274,-330817317.539,-369508491.315,13841713261.3,13460658.527,-1874916529.32,-40694741.173,98914395.989,-177668030.322,-278881421.185,-974575476.585,-242202980.197,-130210570.677,-27363652.769,-762693837.072,-40246120.986,145921470.646,-1644003250.13,-286424974.089,-747678457.984,-146054125.194,226448548.949,-239218871.254,-1453574410.51,-5134747629.26,-296056144.803,-48172495.949,649317311.869,-153847281.067,-58197199.338,-80379323.816,707131846.375,-1145157080.47,-402940354.775,197208080.03,20004186.23,-6485372338.97,-1270384293.62,-1882883768.4,-4540788757.1,-628146721.823,-387702202.41,99491572.243,155794779.889,1141858506.22,-81311452.959,43422502.18,-1182366655.86,-182533337.393,-19686433.225,-35599660.734,23554549.489,-627525270.735
